seqnames	guideBegin	guideFinal	ID	strand	assembly	start	end
chr1	231347839	231347862	crispieRLib_ATAACGACAAAGACCGAGAA	+	data/hg38.2020-09-22.2bit	231347858	231347859
chr7	90747743	90747766	crispieRLib_TCTTATGCTACAGTATACAA	+	data/hg38.2020-09-22.2bit	90747762	90747763
chr1	43364393	43364416	crispieRLib_GTCATAATGTACCTGTACTA	-	data/hg38.2020-09-22.2bit	43364396	43364397
chr10	45382637	45382660	crispieRLib_CTGGATCACCGGCGATGTCG	+	data/hg38.2020-09-22.2bit	45382656	45382657
chr10_GL383546v1_alt	223468	223491	crispieRLib_CTGGATCACCGGCGATGTCG	+	data/hg38.2020-09-22.2bit	223487	223488
chr19	10154291	10154314	crispieRLib_CCGGCGATGTGGCGTCTGTG	-	data/hg38.2020-09-22.2bit	10154294	10154295
chr1	43365181	43365204	crispieRLib_CCACCTCATAGACAATGTAG	+	data/hg38.2020-09-22.2bit	43365200	43365201
chr10	45440547	45440570	crispieRLib_CAGATGTGTTCGCAGAAGGT	-	data/hg38.2020-09-22.2bit	45440550	45440551
chr10_GL383546v1_alt	281378	281401	crispieRLib_CAGATGTGTTCGCAGAAGGT	-	data/hg38.2020-09-22.2bit	281381	281382
chr7	90955735	90955758	crispieRLib_CCAACGAAGTGGTTACCTTG	+	data/hg38.2020-09-22.2bit	90955754	90955755
chr1	231351381	231351404	crispieRLib_TTGACATAGCCGTAATACGG	-	data/hg38.2020-09-22.2bit	231351384	231351385
chr10	45382484	45382507	crispieRLib_GGATTCATACGACGTGACTG	+	data/hg38.2020-09-22.2bit	45382503	45382504
chr10_GL383546v1_alt	223315	223338	crispieRLib_GGATTCATACGACGTGACTG	+	data/hg38.2020-09-22.2bit	223334	223335
chr17	37191122	37191145	crispieRLib_TGATGGGTCCATGATAACCG	+	data/hg38.2020-09-22.2bit	37191141	37191142
chr17_KI270857v1_alt	1427128	1427151	crispieRLib_TGATGGGTCCATGATAACCG	+	data/hg38.2020-09-22.2bit	1427147	1427148
chr17	37248073	37248096	crispieRLib_GATGTACATCGGCTGAGTGA	-	data/hg38.2020-09-22.2bit	37248076	37248077
chr17_KI270857v1_alt	1484062	1484085	crispieRLib_GATGTACATCGGCTGAGTGA	-	data/hg38.2020-09-22.2bit	1484065	1484066
chr17	37200453	37200476	crispieRLib_CCGGATCCCATGGTCAACCA	+	data/hg38.2020-09-22.2bit	37200472	37200473
chr17_KI270857v1_alt	1436461	1436484	crispieRLib_CCGGATCCCATGGTCAACCA	+	data/hg38.2020-09-22.2bit	1436480	1436481
chr17	43094566	43094589	crispieRLib_AAGGAGCCAACATAACAGAT	-	data/hg38.2020-09-22.2bit	43094569	43094570
chr7	90726768	90726791	crispieRLib_GCAAAGAGTCACCTAAAGTT	+	data/hg38.2020-09-22.2bit	90726787	90726788
chr7	90726607	90726630	crispieRLib_GGACTCAGTGATCAAACCCC	+	data/hg38.2020-09-22.2bit	90726626	90726627
chr10	45424956	45424979	crispieRLib_TAGAGCGGGTCATGAATCAC	+	data/hg38.2020-09-22.2bit	45424975	45424976
chr10_GL383546v1_alt	265787	265810	crispieRLib_TAGAGCGGGTCATGAATCAC	+	data/hg38.2020-09-22.2bit	265806	265807
chr1	231339846	231339869	crispieRLib_GCCAAGAAAGGATCTTGTAG	+	data/hg38.2020-09-22.2bit	231339865	231339866
chr1	26763181	26763204	crispieRLib_CACATCCCTGACCCAACCTG	-	data/hg38.2020-09-22.2bit	26763184	26763185
chr19	10154694	10154717	crispieRLib_GCGACACGCGCAGTTTGTGG	-	data/hg38.2020-09-22.2bit	10154697	10154698
chr20	5119592	5119615	crispieRLib_TGCGACCGCAACCTGGCCAT	-	data/hg38.2020-09-22.2bit	5119595	5119596
chr1	231352602	231352625	crispieRLib_TTGGCAGATAAACCCAACAG	+	data/hg38.2020-09-22.2bit	231352621	231352622
