seqnames	start	end	ID	strand
chr20	419574	419594	testlib_TGTTGATGAAGGTGCACCCG	-
chr11	65321224	65321247	testlib_GGGGTCCACCGATAACCGGGAGG	-
chr16	2002204	2002227	testlib_CGGCACTCGCGCCGGAACGAGGG	-
chr9	96938518	96938538	testlib_GGAAACCTCCCCACCCCAGA	+
chr9	94319075	94319095	testlib_GGAAACCTCCCCACCCCAGA	-
chr11	592545	592565	testlib_GATTCTGTCCTAGATCCCAG	+
chr11_KI270832v1_alt	122441	122461	testlib_GATTCTGTCCTAGATCCCAG	+
chr17	35750078	35750098	testlib_TCTGGTCCAGGTTGCGGAAG	+
chrX	155298839	155298859	testlib_TCAACTCCTTGTTATACACC	+
chr16	3313101	3313121	testlib_GTTATTGGATCCCACTCAGA	+
chr17	59651215	59651235	testlib_AAGTTGGCACACCACCTACA	+
chr9	14306990	14307010	testlib_GCATACTACGTGCAGGAGCA	-
chr4	107656994	107657014	testlib_TTACTAGGTGGATATGCAGT	-
chr1	160190821	160190841	testlib_TGCTAGGGACACCCAAGTCA	+
chr1	173597992	173598012	testlib_AACTTGATGTTCTTAGAAGA	+
chr12	12181308	12181328	testlib_AGGATCGTAATCTATGGCAA	+
chr12	48329800	48329820	testlib_AGTGTGGAGACGGAACGCGA	+
chr9	34648430	34648450	testlib_ACAGCCGCCAGGAGCTACTC	+
chr19	15244575	15244595	testlib_TCTGCTGATGGTGGTGATGA	+
chr6_GL000251v2_alt	4011295	4011315	testlib_AGTTCTGACAGTGACACTGA	-
chr6_GL000255v2_alt	3792264	3792284	testlib_AGTTCTGACAGTGACACTGA	-
chr1	222569631	222569651	testlib_GGATCGAGATGGAGCCCAAG	-
chrX	48917792	48917812	testlib_CCCGGAATCGTGTGCTGGGC	-
chr1	209762650	209762670	testlib_GCTCTTACCACGGTGGTGTT	-
chr16	89896053	89896076	testlib_CGGGTCTGCGGTAATCCAGCCGG	-
chr16	23629943	23629963	testlib_TTAGGTACTACTCCAGCCTT	-
chr9	136995178	136995198	testlib_GCGCAGGACGAAGGTGAAGC	-
chr14	76633895	76633915	testlib_GGATACCCTGATGGAGTATT	+
chr12	49272877	49272897	testlib_GGTACGCTTGGTTTTGATGG	-
chr1	204151752	204151772	testlib_GGGCATGGAGGAGAAGGCGG	-
chr11	89970290	89970313	testlib_GATGCCTATATTTCTCGATGAGG	+
chr11	89874209	89874232	testlib_GATGCCTATATTTCTCGATGAGG	-
chr10	100296165	100296185	testlib_ACTGTGTCTGCCAGAAGGCG	+
chr11	63671297	63671317	testlib_GTGGCAGCAGCTGCCTCAAG	-
chr12	11133388	11133408	testlib_GCTTCTTGTTTCCCAAAATC	+
chr12_GL877876v1_alt	364042	364062	testlib_GCTTCTTGTTTCCCAAAATC	+
chr12_KI270904v1_alt	328422	328442	testlib_GCTTCTTGTTTCCCAAAATC	+
chr11	26692507	26692527	testlib_TCTCCGACAAGCTGAGCACC	-
chr11	233401	233421	testlib_TTCGGGCCAGAGCCTGCCAG	-
chr1	156115144	156115164	testlib_CTCGTAGGCGGCCTTGATGC	-
chr13	25170612	25170632	testlib_GTCCCCCTTGTCGACTCCGA	-
chr7	64888747	64888767	testlib_GCGTTTCTATCCGGCTCTGC	-
chr19	37363251	37363271	testlib_AACACCAGAGGTCACACACG	+
chr19	50856253	50856273	testlib_ATCCTGTCTCGGATTGTGGG	+
chr2	47416314	47416334	testlib_AGCCAGAGACTGAGAGCCAG	-
chr6	96976001	96976021	testlib_AAGAAATGCTGACAGGCCAG	+
chr19	39515457	39515477	testlib_CAGGAGGCGGAACCAGACGG	-
chr22	44802133	44802153	testlib_CTGGTGGTCCAGCTCGTGGG	-
chrX	47976431	47976454	testlib_CTAAAAGCTTTCCAACACACAGG	+
chr22	24233921	24233941	testlib_CGTCGTCAACCCTCAGAGCA	-
chr14	22947866	22947889	testlib_GAAGAGTGCTGCTTACTCCCAGG	-
chr14	70052008	70052028	testlib_TCAATGATGACTTCTAGTTT	+
chr15	43475566	43475586	testlib_GGAAAGACTGTCCTGAACAA	+
chr5	170385336	170385359	testlib_AGTCGTGACCAGGATGTAGTAGG	+
chr17	39710350	39710370	testlib_AGATGCCACTGTGGTTGAAG	-
chr7	56116235	56116258	testlib_GCCACCCATAAGCTACGAGGAGG	-
chr19	40348468	40348488	testlib_GGCGGCCTGTTGGGGTAGAG	-
chr4	25333967	25333987	testlib_GAAAATCAATATCCAATAAA	-
chr6	27807893	27807916	testlib_TTGTTTCATTATGCCCGAGCTGG	-
chr12	14774550	14774570	testlib_GTCTGTGCACTCGGCCCACC	-
chr13	27792713	27792733	testlib_CTCGCTAGTGCTGCGCGAGG	+
chr4	10564691	10564711	testlib_GTTCCAGGTCGGCTGTCCAA	+
chr6	52084903	52084923	testlib_ACTCATCAGAGAGATCAGCC	+
chr12	4536081	4536101	testlib_TCTTGAACAGGAAATTTGAG	+
chr6	150960291	150960314	testlib_AGTGGCCAGCGAGATCATGGCGG	+
chr13	110174650	110174670	testlib_CAGGGTCCCCAGGCCTTAAA	-
chr20	25213384	25213404	testlib_GGCCCAGAAGTTACTGCAGA	+
chr22	43862267	43862287	testlib_CGATCTCCTCCATCTTCCCG	+
chr11	4640681	4640701	testlib_GTAGTCAACCCCCTTGTCTA	+
chr5	75685435	75685455	testlib_GAGTATGGTCCTGGTGTTCA	-
chr1	43167211	43167231	testlib_AAACGGAGGTTCTTCAGAAG	-
chr10	16695082	16695105	testlib_TCTGCAATGGGGGTCACCCAGGG	+
chr4	105233950	105233970	testlib_GGATAGAACCAACCATGTTG	+
chr11	17075157	17075177	testlib_GGCTCTCTATTAGAATCAGA	+
chr5	142314296	142314316	testlib_TACGACCGTCTGCGCCGCCC	-
chr19	16578396	16578419	testlib_ATTTCCACAGATCCGGAACATGG	-
chr3	116716186	116716206	testlib_GAAGGCACCTCAAATAAAGG	+
chr1	110016708	110016728	testlib_GGTGGTGTGTGGCTATGGTG	+
chr12	53253013	53253036	testlib_GTAGAGTTTATAGAGGTAGGGGG	-
chr1	248388501	248388521	testlib_GGGTGCCTTGAAGAGAGTTG	+
chr1_KI270761v1_alt	36816	36836	testlib_GGGTGCCTTGAAGAGAGTTG	+
chr1_KI270892v1_alt	36815	36835	testlib_GGGTGCCTTGAAGAGAGTTG	+
chr16	18784780	18784800	testlib_TGACGTGCAACTCAAAGACC	-
chr20	21166341	21166361	testlib_TGACGTGCAACTCAAAGACC	-
chr16	3608594	3608614	testlib_CCCTAGGACTAAAAAGCAAA	-
chr9	135939674	135939694	testlib_CAACAACCAGCAGAATGCCG	-
chr6	18258033	18258053	testlib_AGAAACTTTGTGAAATTGAG	-
chr22	21000766	21000786	testlib_GGATATCACAGGCTAAAGGA	-
chr7	123953785	123953805	testlib_GGCTTCCTATGAAAGAGAAG	-
chr22	50506481	50506501	testlib_GACTCCCTGCTGCTAGAGAC	-
chr5	160232101	160232121	testlib_CTCCAGCGATGTAATCGAAA	+
chr20	46013277	46013297	testlib_GTGGTGGTGGTTGGAGGCCG	-
chr1	154772376	154772396	testlib_CAGCTCTTCGTGATCGACAA	-
chr11	27125682	27125702	testlib_TCAACTTCAATAACGCAACT	+
chr2	219574826	219574846	testlib_CCTGCCTGTCCAGCCCGGTG	-
chr2	6863551	6863571	testlib_CCGGGCTTCAGGAATAAAGG	+
chr20	37147875	37147895	testlib_CCAAAGACTTGGACACCTAG	-
chr1	202128462	202128482	testlib_GGACAACAAGCTCAAGACCG	+
chr2	219224545	219224565	testlib_TCAAGGCCGAGTACAAACGT	-
chr1	1539678	1539698	testlib_CTCACCGGCCACAGTTGCAG	+
chrX	129754533	129754556	testlib_CACAGTGGATGAGTTCTCGGGGG	+
chr5	139426194	139426214	testlib_AAGACGTTGAACAGCTCTTC	+
chr1	8074368	8074388	testlib_AATCGCTGGAACCCGGGAGG	+
chr1	245106954	245106974	testlib_AATCGCTGGAACCCGGGAGG	+
chr1	193858128	193858148	testlib_AATCGCTGGAACCCGGGAGG	+
chr1	227383754	227383774	testlib_AATCGCTGGAACCCGGGAGG	+
chr1	16348611	16348631	testlib_AATCGCTGGAACCCGGGAGG	+
chr1	205102903	205102923	testlib_AATCGCTGGAACCCGGGAGG	+
chr1	151264521	151264541	testlib_AATCGCTGGAACCCGGGAGG	+
chr1	233693115	233693135	testlib_AATCGCTGGAACCCGGGAGG	+
chr1	146489957	146489977	testlib_AATCGCTGGAACCCGGGAGG	+
chr1	112413958	112413978	testlib_AATCGCTGGAACCCGGGAGG	+
chr1	223710186	223710206	testlib_AATCGCTGGAACCCGGGAGG	+
chr1	106522844	106522864	testlib_AATCGCTGGAACCCGGGAGG	+
chr1	62190364	62190384	testlib_AATCGCTGGAACCCGGGAGG	+
chr1	28645558	28645578	testlib_AATCGCTGGAACCCGGGAGG	+
chr1	40277879	40277899	testlib_AATCGCTGGAACCCGGGAGG	+
chr1	38533380	38533400	testlib_AATCGCTGGAACCCGGGAGG	+
chr10	114649312	114649332	testlib_AATCGCTGGAACCCGGGAGG	+
chr10	81602480	81602500	testlib_AATCGCTGGAACCCGGGAGG	+
chr10	17761604	17761624	testlib_AATCGCTGGAACCCGGGAGG	+
chr10	10153851	10153871	testlib_AATCGCTGGAACCCGGGAGG	+
chr10	4195868	4195888	testlib_AATCGCTGGAACCCGGGAGG	+
chr11	130040156	130040176	testlib_AATCGCTGGAACCCGGGAGG	+
chr11	113795238	113795258	testlib_AATCGCTGGAACCCGGGAGG	+
chr11	98006635	98006655	testlib_AATCGCTGGAACCCGGGAGG	+
chr11	94300740	94300760	testlib_AATCGCTGGAACCCGGGAGG	+
chr11	78024295	78024315	testlib_AATCGCTGGAACCCGGGAGG	+
chr11	73949919	73949939	testlib_AATCGCTGGAACCCGGGAGG	+
chr11	66703647	66703667	testlib_AATCGCTGGAACCCGGGAGG	+
chr11	65846893	65846913	testlib_AATCGCTGGAACCCGGGAGG	+
chr11	65296859	65296879	testlib_AATCGCTGGAACCCGGGAGG	+
chr11	536681	536701	testlib_AATCGCTGGAACCCGGGAGG	+
chr11	46230760	46230780	testlib_AATCGCTGGAACCCGGGAGG	+
chr11	27056976	27056996	testlib_AATCGCTGGAACCCGGGAGG	+
chr11	18489025	18489045	testlib_AATCGCTGGAACCCGGGAGG	+
chr11_KI270832v1_alt	66322	66342	testlib_AATCGCTGGAACCCGGGAGG	+
chr12	47318926	47318946	testlib_AATCGCTGGAACCCGGGAGG	+
chr12	123235974	123235994	testlib_AATCGCTGGAACCCGGGAGG	+
chr12	124275829	124275849	testlib_AATCGCTGGAACCCGGGAGG	+
chr12	88814811	88814831	testlib_AATCGCTGGAACCCGGGAGG	+
chr12	76243783	76243803	testlib_AATCGCTGGAACCCGGGAGG	+
chr12	109988763	109988783	testlib_AATCGCTGGAACCCGGGAGG	+
chr12	133015264	133015284	testlib_AATCGCTGGAACCCGGGAGG	+
chr12	124792632	124792652	testlib_AATCGCTGGAACCCGGGAGG	+
chr13	98148288	98148308	testlib_AATCGCTGGAACCCGGGAGG	+
chr13	80353512	80353532	testlib_AATCGCTGGAACCCGGGAGG	+
chr13	45111397	45111417	testlib_AATCGCTGGAACCCGGGAGG	+
chr13	43857813	43857833	testlib_AATCGCTGGAACCCGGGAGG	+
chr13	43139878	43139898	testlib_AATCGCTGGAACCCGGGAGG	+
chr14	73570815	73570835	testlib_AATCGCTGGAACCCGGGAGG	+
chr14	50246033	50246053	testlib_AATCGCTGGAACCCGGGAGG	+
chr14	50216645	50216665	testlib_AATCGCTGGAACCCGGGAGG	+
chr14	39041779	39041799	testlib_AATCGCTGGAACCCGGGAGG	+
chr15	32754330	32754350	testlib_AATCGCTGGAACCCGGGAGG	+
chr15	98625892	98625912	testlib_AATCGCTGGAACCCGGGAGG	+
chr15	44197111	44197131	testlib_AATCGCTGGAACCCGGGAGG	+
chr15	97952456	97952476	testlib_AATCGCTGGAACCCGGGAGG	+
chr15	93207677	93207697	testlib_AATCGCTGGAACCCGGGAGG	+
chr15	93150444	93150464	testlib_AATCGCTGGAACCCGGGAGG	+
chr15	64060179	64060199	testlib_AATCGCTGGAACCCGGGAGG	+
chr15	57168956	57168976	testlib_AATCGCTGGAACCCGGGAGG	+
chr15	44484650	44484670	testlib_AATCGCTGGAACCCGGGAGG	+
chr15	97651425	97651445	testlib_AATCGCTGGAACCCGGGAGG	+
chr15	44635126	44635146	testlib_AATCGCTGGAACCCGGGAGG	+
chr15_KI270905v1_alt	4968928	4968948	testlib_AATCGCTGGAACCCGGGAGG	+
chr16	89181849	89181869	testlib_AATCGCTGGAACCCGGGAGG	+
chr16	87405981	87406001	testlib_AATCGCTGGAACCCGGGAGG	+
chr16	6094970	6094990	testlib_AATCGCTGGAACCCGGGAGG	+
chr16	6927323	6927343	testlib_AATCGCTGGAACCCGGGAGG	+
chr16	14593907	14593927	testlib_AATCGCTGGAACCCGGGAGG	+
chr16	16719815	16719835	testlib_AATCGCTGGAACCCGGGAGG	+
chr16	79420944	79420964	testlib_AATCGCTGGAACCCGGGAGG	+
chr16	83602003	83602023	testlib_AATCGCTGGAACCCGGGAGG	+
chr16	53622274	53622294	testlib_AATCGCTGGAACCCGGGAGG	+
chr16	48295282	48295302	testlib_AATCGCTGGAACCCGGGAGG	+
chr16	66625344	66625364	testlib_AATCGCTGGAACCCGGGAGG	+
chr16	49677128	49677148	testlib_AATCGCTGGAACCCGGGAGG	+
chr16	30481256	30481276	testlib_AATCGCTGGAACCCGGGAGG	+
chr16	18979289	18979309	testlib_AATCGCTGGAACCCGGGAGG	+
chr16_KI270853v1_alt	2380739	2380759	testlib_AATCGCTGGAACCCGGGAGG	+
chr16_KI270853v1_alt	166764	166784	testlib_AATCGCTGGAACCCGGGAGG	+
chr17	82280357	82280377	testlib_AATCGCTGGAACCCGGGAGG	+
chr17	82145457	82145477	testlib_AATCGCTGGAACCCGGGAGG	+
chr17	66544134	66544154	testlib_AATCGCTGGAACCCGGGAGG	+
chr17	65493256	65493276	testlib_AATCGCTGGAACCCGGGAGG	+
chr17	1317333	1317353	testlib_AATCGCTGGAACCCGGGAGG	+
chr17	62073964	62073984	testlib_AATCGCTGGAACCCGGGAGG	+
chr17	1444743	1444763	testlib_AATCGCTGGAACCCGGGAGG	+
chr17	60444038	60444058	testlib_AATCGCTGGAACCCGGGAGG	+
chr17	2080328	2080348	testlib_AATCGCTGGAACCCGGGAGG	+
chr17	59217915	59217935	testlib_AATCGCTGGAACCCGGGAGG	+
chr17	4374729	4374749	testlib_AATCGCTGGAACCCGGGAGG	+
chr17	75374314	75374334	testlib_AATCGCTGGAACCCGGGAGG	+
chr17	9550134	9550154	testlib_AATCGCTGGAACCCGGGAGG	+
chr17	43322386	43322406	testlib_AATCGCTGGAACCCGGGAGG	+
chr17	9571509	9571529	testlib_AATCGCTGGAACCCGGGAGG	+
chr17	42965025	42965045	testlib_AATCGCTGGAACCCGGGAGG	+
chr17_KI270857v1_alt	2840037	2840057	testlib_AATCGCTGGAACCCGGGAGG	+
chr17_KI270857v1_alt	18724	18744	testlib_AATCGCTGGAACCCGGGAGG	+
chr17_KI270862v1_alt	386769	386789	testlib_AATCGCTGGAACCCGGGAGG	+
chr17_KI270862v1_alt	259359	259379	testlib_AATCGCTGGAACCCGGGAGG	+
chr18	21647043	21647063	testlib_AATCGCTGGAACCCGGGAGG	+
chr18	12311507	12311527	testlib_AATCGCTGGAACCCGGGAGG	+
chr19	3387412	3387432	testlib_AATCGCTGGAACCCGGGAGG	+
chr19	44730275	44730295	testlib_AATCGCTGGAACCCGGGAGG	+
chr19	6964788	6964808	testlib_AATCGCTGGAACCCGGGAGG	+
chr19	38350899	38350919	testlib_AATCGCTGGAACCCGGGAGG	+
chr19	36856760	36856780	testlib_AATCGCTGGAACCCGGGAGG	+
chr19	7424904	7424924	testlib_AATCGCTGGAACCCGGGAGG	+
chr19	44939633	44939653	testlib_AATCGCTGGAACCCGGGAGG	+
chr19	53225429	53225449	testlib_AATCGCTGGAACCCGGGAGG	+
chr19	5748541	5748561	testlib_AATCGCTGGAACCCGGGAGG	+
chr19	11074489	11074509	testlib_AATCGCTGGAACCCGGGAGG	+
chr19	18379389	18379409	testlib_AATCGCTGGAACCCGGGAGG	+
chr2	237690647	237690667	testlib_AATCGCTGGAACCCGGGAGG	+
chr2	4892864	4892884	testlib_AATCGCTGGAACCCGGGAGG	+
chr2	158858254	158858274	testlib_AATCGCTGGAACCCGGGAGG	+
chr2	151246796	151246816	testlib_AATCGCTGGAACCCGGGAGG	+
chr2	62772018	62772038	testlib_AATCGCTGGAACCCGGGAGG	+
chr2	71010733	71010753	testlib_AATCGCTGGAACCCGGGAGG	+
chr2	84003169	84003189	testlib_AATCGCTGGAACCCGGGAGG	+
chr2	108915807	108915827	testlib_AATCGCTGGAACCCGGGAGG	+
chr2	117220654	117220674	testlib_AATCGCTGGAACCCGGGAGG	+
chr2	205976927	205976947	testlib_AATCGCTGGAACCCGGGAGG	+
chr2	130605784	130605804	testlib_AATCGCTGGAACCCGGGAGG	+
chr2	61320920	61320940	testlib_AATCGCTGGAACCCGGGAGG	+
chr2	221301203	221301223	testlib_AATCGCTGGAACCCGGGAGG	+
chr2	218658451	218658471	testlib_AATCGCTGGAACCCGGGAGG	+
chr20	63291749	63291769	testlib_AATCGCTGGAACCCGGGAGG	+
chr20	62863453	62863473	testlib_AATCGCTGGAACCCGGGAGG	+
chr20	17744772	17744792	testlib_AATCGCTGGAACCCGGGAGG	+
chr20	13157347	13157367	testlib_AATCGCTGGAACCCGGGAGG	+
chr20	38108301	38108321	testlib_AATCGCTGGAACCCGGGAGG	+
chr20	37161015	37161035	testlib_AATCGCTGGAACCCGGGAGG	+
chr20	19674960	19674980	testlib_AATCGCTGGAACCCGGGAGG	+
chr21	36159042	36159062	testlib_AATCGCTGGAACCCGGGAGG	+
chr21	35382450	35382470	testlib_AATCGCTGGAACCCGGGAGG	+
chr21	31277555	31277575	testlib_AATCGCTGGAACCCGGGAGG	+
chr21	17524486	17524506	testlib_AATCGCTGGAACCCGGGAGG	+
chr22	41163657	41163677	testlib_AATCGCTGGAACCCGGGAGG	+
chr22	39071988	39072008	testlib_AATCGCTGGAACCCGGGAGG	+
chr22	39035517	39035537	testlib_AATCGCTGGAACCCGGGAGG	+
chr22	37515473	37515493	testlib_AATCGCTGGAACCCGGGAGG	+
chr22	26356552	26356572	testlib_AATCGCTGGAACCCGGGAGG	+
chr22	25944757	25944777	testlib_AATCGCTGGAACCCGGGAGG	+
chr3	153085597	153085617	testlib_AATCGCTGGAACCCGGGAGG	+
chr3	150386518	150386538	testlib_AATCGCTGGAACCCGGGAGG	+
chr3	147304740	147304760	testlib_AATCGCTGGAACCCGGGAGG	+
chr3	10321593	10321613	testlib_AATCGCTGGAACCCGGGAGG	+
chr3	125708035	125708055	testlib_AATCGCTGGAACCCGGGAGG	+
chr3	67705350	67705370	testlib_AATCGCTGGAACCCGGGAGG	+
chr3	23893707	23893727	testlib_AATCGCTGGAACCCGGGAGG	+
chr3	12691570	12691590	testlib_AATCGCTGGAACCCGGGAGG	+
chr3	12651544	12651564	testlib_AATCGCTGGAACCCGGGAGG	+
chr3	183922282	183922302	testlib_AATCGCTGGAACCCGGGAGG	+
chr3_KI270780v1_alt	42517	42537	testlib_AATCGCTGGAACCCGGGAGG	+
chr3_KI270782v1_alt	90932	90952	testlib_AATCGCTGGAACCCGGGAGG	+
chr4	183622791	183622811	testlib_AATCGCTGGAACCCGGGAGG	+
chr4	182135116	182135136	testlib_AATCGCTGGAACCCGGGAGG	+
chr4	167186887	167186907	testlib_AATCGCTGGAACCCGGGAGG	+
chr4	108599305	108599325	testlib_AATCGCTGGAACCCGGGAGG	+
chr4	39689778	39689798	testlib_AATCGCTGGAACCCGGGAGG	+
chr4	178299089	178299109	testlib_AATCGCTGGAACCCGGGAGG	+
chr4	176700327	176700347	testlib_AATCGCTGGAACCCGGGAGG	+
chr4	30024094	30024114	testlib_AATCGCTGGAACCCGGGAGG	+
chr4	29625992	29626012	testlib_AATCGCTGGAACCCGGGAGG	+
chr5	127480333	127480353	testlib_AATCGCTGGAACCCGGGAGG	+
chr5	177272034	177272054	testlib_AATCGCTGGAACCCGGGAGG	+
chr5	11611688	11611708	testlib_AATCGCTGGAACCCGGGAGG	+
chr5	37015640	37015660	testlib_AATCGCTGGAACCCGGGAGG	+
chr5	11798172	11798192	testlib_AATCGCTGGAACCCGGGAGG	+
chr5	133984846	133984866	testlib_AATCGCTGGAACCCGGGAGG	+
chr6	2847923	2847943	testlib_AATCGCTGGAACCCGGGAGG	+
chr6	161657926	161657946	testlib_AATCGCTGGAACCCGGGAGG	+
chr6	15428816	15428836	testlib_AATCGCTGGAACCCGGGAGG	+
chr6	158517512	158517532	testlib_AATCGCTGGAACCCGGGAGG	+
chr6	121380636	121380656	testlib_AATCGCTGGAACCCGGGAGG	+
chr6	117676488	117676508	testlib_AATCGCTGGAACCCGGGAGG	+
chr6	100833976	100833996	testlib_AATCGCTGGAACCCGGGAGG	+
chr6	134141183	134141203	testlib_AATCGCTGGAACCCGGGAGG	+
chr6	79921371	79921391	testlib_AATCGCTGGAACCCGGGAGG	+
chr6	72080174	72080194	testlib_AATCGCTGGAACCCGGGAGG	+
chr6	56774902	56774922	testlib_AATCGCTGGAACCCGGGAGG	+
chr6	27131664	27131684	testlib_AATCGCTGGAACCCGGGAGG	+
chr7	152714175	152714195	testlib_AATCGCTGGAACCCGGGAGG	+
chr7	94286912	94286932	testlib_AATCGCTGGAACCCGGGAGG	+
chr7	87741115	87741135	testlib_AATCGCTGGAACCCGGGAGG	+
chr7	804852	804872	testlib_AATCGCTGGAACCCGGGAGG	+
chr7	37497201	37497221	testlib_AATCGCTGGAACCCGGGAGG	+
chr7	98026385	98026405	testlib_AATCGCTGGAACCCGGGAGG	+
chr7	73433392	73433412	testlib_AATCGCTGGAACCCGGGAGG	+
chr7	140432846	140432866	testlib_AATCGCTGGAACCCGGGAGG	+
chr7	67935782	67935802	testlib_AATCGCTGGAACCCGGGAGG	+
chr7	5945529	5945549	testlib_AATCGCTGGAACCCGGGAGG	+
chr7	44829511	44829531	testlib_AATCGCTGGAACCCGGGAGG	+
chr7	149208931	149208951	testlib_AATCGCTGGAACCCGGGAGG	+
chr7	56605837	56605857	testlib_AATCGCTGGAACCCGGGAGG	+
chr7	54774698	54774718	testlib_AATCGCTGGAACCCGGGAGG	+
chr8	144119091	144119111	testlib_AATCGCTGGAACCCGGGAGG	+
chr8	144061426	144061446	testlib_AATCGCTGGAACCCGGGAGG	+
chr8	143725506	143725526	testlib_AATCGCTGGAACCCGGGAGG	+
chr8	143301748	143301768	testlib_AATCGCTGGAACCCGGGAGG	+
chr8	143036303	143036323	testlib_AATCGCTGGAACCCGGGAGG	+
chr8	140533717	140533737	testlib_AATCGCTGGAACCCGGGAGG	+
chr8	130899516	130899536	testlib_AATCGCTGGAACCCGGGAGG	+
chr8	123544923	123544943	testlib_AATCGCTGGAACCCGGGAGG	+
chr8	95069690	95069710	testlib_AATCGCTGGAACCCGGGAGG	+
chr8	32077277	32077297	testlib_AATCGCTGGAACCCGGGAGG	+
chr8	30747065	30747085	testlib_AATCGCTGGAACCCGGGAGG	+
chr8_KI270816v1_alt	202553	202573	testlib_AATCGCTGGAACCCGGGAGG	+
chr8_KI270817v1_alt	26591	26611	testlib_AATCGCTGGAACCCGGGAGG	+
chr9	125131318	125131338	testlib_AATCGCTGGAACCCGGGAGG	+
chr9	97005402	97005422	testlib_AATCGCTGGAACCCGGGAGG	+
chr9	90211920	90211940	testlib_AATCGCTGGAACCCGGGAGG	+
chr9	81541708	81541728	testlib_AATCGCTGGAACCCGGGAGG	+
chr9	34298456	34298476	testlib_AATCGCTGGAACCCGGGAGG	+
chr9	4179820	4179840	testlib_AATCGCTGGAACCCGGGAGG	+
chrX	54301153	54301173	testlib_AATCGCTGGAACCCGGGAGG	+
chrX	155400713	155400733	testlib_AATCGCTGGAACCCGGGAGG	+
chrX	47128960	47128980	testlib_AATCGCTGGAACCCGGGAGG	+
chrX	41312224	41312244	testlib_AATCGCTGGAACCCGGGAGG	+
chrX	91449214	91449234	testlib_AATCGCTGGAACCCGGGAGG	+
chrX	102945613	102945633	testlib_AATCGCTGGAACCCGGGAGG	+
chrX	74081637	74081657	testlib_AATCGCTGGAACCCGGGAGG	+
chrX	26624562	26624582	testlib_AATCGCTGGAACCCGGGAGG	+
chrX	1216611	1216631	testlib_AATCGCTGGAACCCGGGAGG	+
chrX	1504226	1504246	testlib_AATCGCTGGAACCCGGGAGG	+
chrX	23388741	23388761	testlib_AATCGCTGGAACCCGGGAGG	+
chrX	9452657	9452677	testlib_AATCGCTGGAACCCGGGAGG	+
chrX	23757363	23757383	testlib_AATCGCTGGAACCCGGGAGG	+
chrY	1504226	1504246	testlib_AATCGCTGGAACCCGGGAGG	+
chrY	1216611	1216631	testlib_AATCGCTGGAACCCGGGAGG	+
chr1	984969	984989	testlib_AATCGCTGGAACCCGGGAGG	-
chr1	181535774	181535794	testlib_AATCGCTGGAACCCGGGAGG	-
chr1	153908555	153908575	testlib_AATCGCTGGAACCCGGGAGG	-
chr1	245100971	245100991	testlib_AATCGCTGGAACCCGGGAGG	-
chr1	219560276	219560296	testlib_AATCGCTGGAACCCGGGAGG	-
chr1	211516265	211516285	testlib_AATCGCTGGAACCCGGGAGG	-
chr1	209827335	209827355	testlib_AATCGCTGGAACCCGGGAGG	-
chr1	203791073	203791093	testlib_AATCGCTGGAACCCGGGAGG	-
chr1	150644608	150644628	testlib_AATCGCTGGAACCCGGGAGG	-
chr1	42466638	42466658	testlib_AATCGCTGGAACCCGGGAGG	-
chr1	35314371	35314391	testlib_AATCGCTGGAACCCGGGAGG	-
chr1	148243424	148243444	testlib_AATCGCTGGAACCCGGGAGG	-
chr1	63615649	63615669	testlib_AATCGCTGGAACCCGGGAGG	-
chr1	62922546	62922566	testlib_AATCGCTGGAACCCGGGAGG	-
chr1	26738645	26738665	testlib_AATCGCTGGAACCCGGGAGG	-
chr1	28638572	28638592	testlib_AATCGCTGGAACCCGGGAGG	-
chr10	127548700	127548720	testlib_AATCGCTGGAACCCGGGAGG	-
chr10	12068151	12068171	testlib_AATCGCTGGAACCCGGGAGG	-
chr10	15004153	15004173	testlib_AATCGCTGGAACCCGGGAGG	-
chr10	119064794	119064814	testlib_AATCGCTGGAACCCGGGAGG	-
chr10	95309378	95309398	testlib_AATCGCTGGAACCCGGGAGG	-
chr10	82997397	82997417	testlib_AATCGCTGGAACCCGGGAGG	-
chr10	79998191	79998211	testlib_AATCGCTGGAACCCGGGAGG	-
chr11	123105903	123105923	testlib_AATCGCTGGAACCCGGGAGG	-
chr11	36745256	36745276	testlib_AATCGCTGGAACCCGGGAGG	-
chr11	99201111	99201131	testlib_AATCGCTGGAACCCGGGAGG	-
chr11	66429786	66429806	testlib_AATCGCTGGAACCCGGGAGG	-
chr11	63655534	63655554	testlib_AATCGCTGGAACCCGGGAGG	-
chr11	84237015	84237035	testlib_AATCGCTGGAACCCGGGAGG	-
chr11	76596150	76596170	testlib_AATCGCTGGAACCCGGGAGG	-
chr11	70232617	70232637	testlib_AATCGCTGGAACCCGGGAGG	-
chr12	76593965	76593985	testlib_AATCGCTGGAACCCGGGAGG	-
chr12	4561547	4561567	testlib_AATCGCTGGAACCCGGGAGG	-
chr12	115616994	115617014	testlib_AATCGCTGGAACCCGGGAGG	-
chr12	110001526	110001546	testlib_AATCGCTGGAACCCGGGAGG	-
chr12	82864588	82864608	testlib_AATCGCTGGAACCCGGGAGG	-
chr13	114183253	114183273	testlib_AATCGCTGGAACCCGGGAGG	-
chr13	112935344	112935364	testlib_AATCGCTGGAACCCGGGAGG	-
chr13	49281879	49281899	testlib_AATCGCTGGAACCCGGGAGG	-
chr13	44580594	44580614	testlib_AATCGCTGGAACCCGGGAGG	-
chr13	28515189	28515209	testlib_AATCGCTGGAACCCGGGAGG	-
chr14	93362435	93362455	testlib_AATCGCTGGAACCCGGGAGG	-
chr14	73225943	73225963	testlib_AATCGCTGGAACCCGGGAGG	-
chr14	69659604	69659624	testlib_AATCGCTGGAACCCGGGAGG	-
chr14	56828428	56828448	testlib_AATCGCTGGAACCCGGGAGG	-
chr14	51768076	51768096	testlib_AATCGCTGGAACCCGGGAGG	-
chr14	34703433	34703453	testlib_AATCGCTGGAACCCGGGAGG	-
chr14	26423517	26423537	testlib_AATCGCTGGAACCCGGGAGG	-
chr14_KI270847v1_alt	476997	477017	testlib_AATCGCTGGAACCCGGGAGG	-
chr15	76116986	76117006	testlib_AATCGCTGGAACCCGGGAGG	-
chr15	65362941	65362961	testlib_AATCGCTGGAACCCGGGAGG	-
chr15	64723061	64723081	testlib_AATCGCTGGAACCCGGGAGG	-
chr15	59980247	59980267	testlib_AATCGCTGGAACCCGGGAGG	-
chr15	59122335	59122355	testlib_AATCGCTGGAACCCGGGAGG	-
chr15	44531241	44531261	testlib_AATCGCTGGAACCCGGGAGG	-
chr15	43875564	43875584	testlib_AATCGCTGGAACCCGGGAGG	-
chr15	27010932	27010952	testlib_AATCGCTGGAACCCGGGAGG	-
chr16	570552	570572	testlib_AATCGCTGGAACCCGGGAGG	-
chr16	75439547	75439567	testlib_AATCGCTGGAACCCGGGAGG	-
chr16	1876966	1876986	testlib_AATCGCTGGAACCCGGGAGG	-
chr16	75191266	75191286	testlib_AATCGCTGGAACCCGGGAGG	-
chr16	69631712	69631732	testlib_AATCGCTGGAACCCGGGAGG	-
chr16	59872628	59872648	testlib_AATCGCTGGAACCCGGGAGG	-
chr16	72033920	72033940	testlib_AATCGCTGGAACCCGGGAGG	-
chr16	70524600	70524620	testlib_AATCGCTGGAACCCGGGAGG	-
chr16	19076678	19076698	testlib_AATCGCTGGAACCCGGGAGG	-
chr16	18973308	18973328	testlib_AATCGCTGGAACCCGGGAGG	-
chr16	18639356	18639376	testlib_AATCGCTGGAACCCGGGAGG	-
chr16_KI270856v1_alt	7097	7117	testlib_AATCGCTGGAACCCGGGAGG	-
chr17	82411133	82411153	testlib_AATCGCTGGAACCCGGGAGG	-
chr17	79074259	79074279	testlib_AATCGCTGGAACCCGGGAGG	-
chr17	77153154	77153174	testlib_AATCGCTGGAACCCGGGAGG	-
chr17	69496358	69496378	testlib_AATCGCTGGAACCCGGGAGG	-
chr17	43287596	43287616	testlib_AATCGCTGGAACCCGGGAGG	-
chr17	43281434	43281454	testlib_AATCGCTGGAACCCGGGAGG	-
chr17	1290992	1291012	testlib_AATCGCTGGAACCCGGGAGG	-
chr17	43276878	43276898	testlib_AATCGCTGGAACCCGGGAGG	-
chr17	1670573	1670593	testlib_AATCGCTGGAACCCGGGAGG	-
chr17	43263915	43263935	testlib_AATCGCTGGAACCCGGGAGG	-
chr17	2577287	2577307	testlib_AATCGCTGGAACCCGGGAGG	-
chr17	43293736	43293756	testlib_AATCGCTGGAACCCGGGAGG	-
chr17	43256711	43256731	testlib_AATCGCTGGAACCCGGGAGG	-
chr17	43254570	43254590	testlib_AATCGCTGGAACCCGGGAGG	-
chr17	43249124	43249144	testlib_AATCGCTGGAACCCGGGAGG	-
chr17	43237239	43237259	testlib_AATCGCTGGAACCCGGGAGG	-
chr17_KI270861v1_alt	100601	100621	testlib_AATCGCTGGAACCCGGGAGG	-
chr17_KI270908v1_alt	977368	977388	testlib_AATCGCTGGAACCCGGGAGG	-
chr18	63016043	63016063	testlib_AATCGCTGGAACCCGGGAGG	-
chr18	7271732	7271752	testlib_AATCGCTGGAACCCGGGAGG	-
chr19	54003447	54003467	testlib_AATCGCTGGAACCCGGGAGG	-
chr19	2459823	2459843	testlib_AATCGCTGGAACCCGGGAGG	-
chr19	53842768	53842788	testlib_AATCGCTGGAACCCGGGAGG	-
chr19	33673840	33673860	testlib_AATCGCTGGAACCCGGGAGG	-
chr19	47336176	47336196	testlib_AATCGCTGGAACCCGGGAGG	-
chr19	8359522	8359542	testlib_AATCGCTGGAACCCGGGAGG	-
chr19	14692599	14692619	testlib_AATCGCTGGAACCCGGGAGG	-
chr19	10645139	10645159	testlib_AATCGCTGGAACCCGGGAGG	-
chr19	50733960	50733980	testlib_AATCGCTGGAACCCGGGAGG	-
chr2	1753506	1753526	testlib_AATCGCTGGAACCCGGGAGG	-
chr2	123348159	123348179	testlib_AATCGCTGGAACCCGGGAGG	-
chr2	9790380	9790400	testlib_AATCGCTGGAACCCGGGAGG	-
chr2	130514952	130514972	testlib_AATCGCTGGAACCCGGGAGG	-
chr2	128536797	128536817	testlib_AATCGCTGGAACCCGGGAGG	-
chr2	121720492	121720512	testlib_AATCGCTGGAACCCGGGAGG	-
chr2	112166137	112166157	testlib_AATCGCTGGAACCCGGGAGG	-
chr2	107433457	107433477	testlib_AATCGCTGGAACCCGGGAGG	-
chr2	103037042	103037062	testlib_AATCGCTGGAACCCGGGAGG	-
chr2	107648001	107648021	testlib_AATCGCTGGAACCCGGGAGG	-
chr2	49605924	49605944	testlib_AATCGCTGGAACCCGGGAGG	-
chr2	175353774	175353794	testlib_AATCGCTGGAACCCGGGAGG	-
chr2	219070273	219070293	testlib_AATCGCTGGAACCCGGGAGG	-
chr2	152141677	152141697	testlib_AATCGCTGGAACCCGGGAGG	-
chr2	75935835	75935855	testlib_AATCGCTGGAACCCGGGAGG	-
chr2	88653767	88653787	testlib_AATCGCTGGAACCCGGGAGG	-
chr20	33497636	33497656	testlib_AATCGCTGGAACCCGGGAGG	-
chr20	32163698	32163718	testlib_AATCGCTGGAACCCGGGAGG	-
chr20	20825853	20825873	testlib_AATCGCTGGAACCCGGGAGG	-
chr21	46039550	46039570	testlib_AATCGCTGGAACCCGGGAGG	-
chr21	39315083	39315103	testlib_AATCGCTGGAACCCGGGAGG	-
chr21	37266004	37266024	testlib_AATCGCTGGAACCCGGGAGG	-
chr22	18531100	18531120	testlib_AATCGCTGGAACCCGGGAGG	-
chr22	19459825	19459845	testlib_AATCGCTGGAACCCGGGAGG	-
chr22	50409514	50409534	testlib_AATCGCTGGAACCCGGGAGG	-
chr22	30071529	30071549	testlib_AATCGCTGGAACCCGGGAGG	-
chr22	33870655	33870675	testlib_AATCGCTGGAACCCGGGAGG	-
chr22	20445293	20445313	testlib_AATCGCTGGAACCCGGGAGG	-
chr22	20705148	20705168	testlib_AATCGCTGGAACCCGGGAGG	-
chr22	28602966	28602986	testlib_AATCGCTGGAACCCGGGAGG	-
chr22	21470462	21470482	testlib_AATCGCTGGAACCCGGGAGG	-
chr22	39407570	39407590	testlib_AATCGCTGGAACCCGGGAGG	-
chr22	21087966	21087986	testlib_AATCGCTGGAACCCGGGAGG	-
chr3	197467922	197467942	testlib_AATCGCTGGAACCCGGGAGG	-
chr3	181156862	181156882	testlib_AATCGCTGGAACCCGGGAGG	-
chr3	159845467	159845487	testlib_AATCGCTGGAACCCGGGAGG	-
chr3	155840174	155840194	testlib_AATCGCTGGAACCCGGGAGG	-
chr3	39498437	39498457	testlib_AATCGCTGGAACCCGGGAGG	-
chr3	142728399	142728419	testlib_AATCGCTGGAACCCGGGAGG	-
chr3	136389918	136389938	testlib_AATCGCTGGAACCCGGGAGG	-
chr3	129152490	129152510	testlib_AATCGCTGGAACCCGGGAGG	-
chr3	123476309	123476329	testlib_AATCGCTGGAACCCGGGAGG	-
chr3	58018602	58018622	testlib_AATCGCTGGAACCCGGGAGG	-
chr3	194149951	194149971	testlib_AATCGCTGGAACCCGGGAGG	-
chr4	180545032	180545052	testlib_AATCGCTGGAACCCGGGAGG	-
chr4	853884	853904	testlib_AATCGCTGGAACCCGGGAGG	-
chr4	4122611	4122631	testlib_AATCGCTGGAACCCGGGAGG	-
chr4	98742164	98742184	testlib_AATCGCTGGAACCCGGGAGG	-
chr4	56341479	56341499	testlib_AATCGCTGGAACCCGGGAGG	-
chr4	167712797	167712817	testlib_AATCGCTGGAACCCGGGAGG	-
chr4	119047147	119047167	testlib_AATCGCTGGAACCCGGGAGG	-
chr4	104202270	104202290	testlib_AATCGCTGGAACCCGGGAGG	-
chr4	32039356	32039376	testlib_AATCGCTGGAACCCGGGAGG	-
chr5	161809767	161809787	testlib_AATCGCTGGAACCCGGGAGG	-
chr5	24922880	24922900	testlib_AATCGCTGGAACCCGGGAGG	-
chr5	30536549	30536569	testlib_AATCGCTGGAACCCGGGAGG	-
chr5	55190077	55190097	testlib_AATCGCTGGAACCCGGGAGG	-
chr5	163644812	163644832	testlib_AATCGCTGGAACCCGGGAGG	-
chr5	65929727	65929747	testlib_AATCGCTGGAACCCGGGAGG	-
chr5	95570868	95570888	testlib_AATCGCTGGAACCCGGGAGG	-
chr5	138146144	138146164	testlib_AATCGCTGGAACCCGGGAGG	-
chr5	17660533	17660553	testlib_AATCGCTGGAACCCGGGAGG	-
chr5	172108871	172108891	testlib_AATCGCTGGAACCCGGGAGG	-
chr5	171415128	171415148	testlib_AATCGCTGGAACCCGGGAGG	-
chr6	116746850	116746870	testlib_AATCGCTGGAACCCGGGAGG	-
chr6	53196008	53196028	testlib_AATCGCTGGAACCCGGGAGG	-
chr6	149569425	149569445	testlib_AATCGCTGGAACCCGGGAGG	-
chr6	8282010	8282030	testlib_AATCGCTGGAACCCGGGAGG	-
chr6	15196130	15196150	testlib_AATCGCTGGAACCCGGGAGG	-
chr6	15450256	15450276	testlib_AATCGCTGGAACCCGGGAGG	-
chr6	42067305	42067325	testlib_AATCGCTGGAACCCGGGAGG	-
chr6	82478308	82478328	testlib_AATCGCTGGAACCCGGGAGG	-
chr6	35580625	35580645	testlib_AATCGCTGGAACCCGGGAGG	-
chr6	31672531	31672551	testlib_AATCGCTGGAACCCGGGAGG	-
chr6	28150893	28150913	testlib_AATCGCTGGAACCCGGGAGG	-
chr6	68752363	68752383	testlib_AATCGCTGGAACCCGGGAGG	-
chr6	17761470	17761490	testlib_AATCGCTGGAACCCGGGAGG	-
chr6	152027053	152027073	testlib_AATCGCTGGAACCCGGGAGG	-
chr6_GL000251v2_alt	3149822	3149842	testlib_AATCGCTGGAACCCGGGAGG	-
chr6_GL000252v2_alt	2920303	2920323	testlib_AATCGCTGGAACCCGGGAGG	-
chr6_GL000253v2_alt	2977578	2977598	testlib_AATCGCTGGAACCCGGGAGG	-
chr6_GL000254v2_alt	3014403	3014423	testlib_AATCGCTGGAACCCGGGAGG	-
chr6_GL000255v2_alt	2928355	2928375	testlib_AATCGCTGGAACCCGGGAGG	-
chr6_GL000256v2_alt	3979843	3979863	testlib_AATCGCTGGAACCCGGGAGG	-
chr6_GL000256v2_alt	2971815	2971835	testlib_AATCGCTGGAACCCGGGAGG	-
chr7	3146542	3146562	testlib_AATCGCTGGAACCCGGGAGG	-
chr7	4674654	4674674	testlib_AATCGCTGGAACCCGGGAGG	-
chr7	112626523	112626543	testlib_AATCGCTGGAACCCGGGAGG	-
chr7	78206378	78206398	testlib_AATCGCTGGAACCCGGGAGG	-
chr7	68734202	68734222	testlib_AATCGCTGGAACCCGGGAGG	-
chr7	65359808	65359828	testlib_AATCGCTGGAACCCGGGAGG	-
chr7	151358062	151358082	testlib_AATCGCTGGAACCCGGGAGG	-
chr7	137952904	137952924	testlib_AATCGCTGGAACCCGGGAGG	-
chr7	97095769	97095789	testlib_AATCGCTGGAACCCGGGAGG	-
chr7	74552924	74552944	testlib_AATCGCTGGAACCCGGGAGG	-
chr7	68798953	68798973	testlib_AATCGCTGGAACCCGGGAGG	-
chr7	36566897	36566917	testlib_AATCGCTGGAACCCGGGAGG	-
chr7	32956750	32956770	testlib_AATCGCTGGAACCCGGGAGG	-
chr7	26084017	26084037	testlib_AATCGCTGGAACCCGGGAGG	-
chr7	24968483	24968503	testlib_AATCGCTGGAACCCGGGAGG	-
chr7	6779238	6779258	testlib_AATCGCTGGAACCCGGGAGG	-
chr8	11924849	11924869	testlib_AATCGCTGGAACCCGGGAGG	-
chr8	25183299	25183319	testlib_AATCGCTGGAACCCGGGAGG	-
chr8	32672131	32672151	testlib_AATCGCTGGAACCCGGGAGG	-
chr8	102253	102273	testlib_AATCGCTGGAACCCGGGAGG	-
chr8	84124650	84124670	testlib_AATCGCTGGAACCCGGGAGG	-
chr8	143027867	143027887	testlib_AATCGCTGGAACCCGGGAGG	-
chr8	138919726	138919746	testlib_AATCGCTGGAACCCGGGAGG	-
chr8_KI270817v1_alt	18155	18175	testlib_AATCGCTGGAACCCGGGAGG	-
chr9	134221645	134221665	testlib_AATCGCTGGAACCCGGGAGG	-
chr9	128370020	128370040	testlib_AATCGCTGGAACCCGGGAGG	-
chr9	125557943	125557963	testlib_AATCGCTGGAACCCGGGAGG	-
chr9	125265497	125265517	testlib_AATCGCTGGAACCCGGGAGG	-
chr9	105415988	105416008	testlib_AATCGCTGGAACCCGGGAGG	-
chr9	2095172	2095192	testlib_AATCGCTGGAACCCGGGAGG	-
chr9	19178351	19178371	testlib_AATCGCTGGAACCCGGGAGG	-
chr9	19476774	19476794	testlib_AATCGCTGGAACCCGGGAGG	-
chr9	35702579	35702599	testlib_AATCGCTGGAACCCGGGAGG	-
chr9	95779892	95779912	testlib_AATCGCTGGAACCCGGGAGG	-
chr9	94382763	94382783	testlib_AATCGCTGGAACCCGGGAGG	-
chr9	92651802	92651822	testlib_AATCGCTGGAACCCGGGAGG	-
chr9	90747524	90747544	testlib_AATCGCTGGAACCCGGGAGG	-
chr9	87545633	87545653	testlib_AATCGCTGGAACCCGGGAGG	-
chr9	78299599	78299619	testlib_AATCGCTGGAACCCGGGAGG	-
chr9	38735232	38735252	testlib_AATCGCTGGAACCCGGGAGG	-
chrX	141755597	141755617	testlib_AATCGCTGGAACCCGGGAGG	-
chrX	124723687	124723707	testlib_AATCGCTGGAACCCGGGAGG	-
chrX	74010913	74010933	testlib_AATCGCTGGAACCCGGGAGG	-
chrX	71142665	71142685	testlib_AATCGCTGGAACCCGGGAGG	-
chrX	1317338	1317358	testlib_AATCGCTGGAACCCGGGAGG	-
chrX	101736156	101736176	testlib_AATCGCTGGAACCCGGGAGG	-
chrX	54462479	54462499	testlib_AATCGCTGGAACCCGGGAGG	-
chrX	7842473	7842493	testlib_AATCGCTGGAACCCGGGAGG	-
chrX	47603994	47604014	testlib_AATCGCTGGAACCCGGGAGG	-
chrX	41547017	41547037	testlib_AATCGCTGGAACCCGGGAGG	-
chrX	29769530	29769550	testlib_AATCGCTGGAACCCGGGAGG	-
chrX	9779515	9779535	testlib_AATCGCTGGAACCCGGGAGG	-
chrY	1317338	1317358	testlib_AATCGCTGGAACCCGGGAGG	-
chr3	63278726	63278746	testlib_TCACCAATTCCAGGGCTCGC	-
chr6	1313314	1313334	testlib_GCGGAAGACCCCGTCGGCGA	-
chr6	111696286	111696306	testlib_ATACTCGGTGACGATGTAGA	+
chr5	167978929	167978949	testlib_TTTCTAGGAGAAGACTGGAG	-
chr1	147618834	147618854	testlib_AGGTTTCGGATCATTCCGAA	-
chr15	44289076	44289096	testlib_CGTGCTGGTGGTGCTGCTGG	+
chr4	184631069	184631092	testlib_GTGTCATAAAATACCAGTGGAGG	-
chr5	112864658	112864678	testlib_CCAATACAGAGGCAGAGTCC	+
chr13	72727536	72727559	testlib_CGGCGAATCTGAATGCGGTGCGG	-
chr19	42433820	42433840	testlib_AAGCCTGGCCTCGGTCCCTG	+
chr7	44073668	44073688	testlib_CCGCTTCAGCCGGAAGGAGA	-
chr19	48104605	48104628	testlib_GATGCCGTCACGTACCTCGCAGG	-
chr1	160748207	160748230	testlib_GGACCCGTGAAAGAGCTGGTCGG	+
chr2	211630472	211630492	testlib_AAGAGCCTTGAGAAGATTCT	-
chr4	9782411	9782431	testlib_GATGACGCACAGGTTCAGGA	-
chr15	92655527	92655547	testlib_CCGCGACTCGCGCTCGGGTT	+
chr12	53320598	53320618	testlib_AACTGCCTTCATCCATCACC	-
chr7	123617611	123617631	testlib_CAAGGGTGTTTCTCCATCAC	-
chr21	46273533	46273553	testlib_TCGGTCCTCGGCGGATCAGG	-
chr15	93075625	93075645	testlib_CCTTACAGATGAAGAAACTG	-
chr15	89348054	89348074	testlib_CCTTACAGATGAAGAAACTG	-
chr17	77883526	77883546	testlib_CCTTACAGATGAAGAAACTG	-
chr18	51950340	51950360	testlib_CCTTACAGATGAAGAAACTG	-
chr19	10080315	10080335	testlib_CCTTACAGATGAAGAAACTG	-
chr2	5881299	5881319	testlib_CCTTACAGATGAAGAAACTG	-
chrX	47888063	47888083	testlib_TACTCAAAGACGCCTGTACC	+
chr14	24173049	24173069	testlib_GGGAACCCTCAAAGGTGGGG	+
chr10	73675206	73675226	testlib_GGGTCTCATAGTCCACACAG	+
chr1	108654767	108654787	testlib_ATTGTATCATGGCTCCGTTG	-
chr17	80246541	80246564	testlib_GGGGATGTAGTAGAACAGTGAGG	-
chr16	53649052	53649072	testlib_GTTCCGATTAAGAGTTCCCA	-
chr5	177472175	177472195	testlib_AGTGCTGCAGTACCATGCCA	+
chr18	70135185	70135205	testlib_AAGTATCGAGAATGGATATG	-
chr11	72755059	72755079	testlib_TGCAGCCACGGCTTGAAGTG	+
chrX	71223860	71223880	testlib_ATCTGCAACACACTCCAGCC	+
chr16	64972015	64972035	testlib_TCAAGGACCCTAATGGCCAC	+
chr22	50508405	50508425	testlib_GGTGGACGTGGCGGCCCAGC	+
chr19	48974730	48974750	testlib_CCGCTGCAGGAGCCACAAGA	+
chr6	157382132	157382152	testlib_AGGAAATGGGAGGTGTTCCC	+
chr2	106832626	106832646	testlib_GTGAACTGTCAATGAAGTGA	+
chr19	1819098	1819121	testlib_CCTCGTGGGACACAACCCTGCGG	+
chr1	154273468	154273488	testlib_TTCGGCTTCAGCTTCAGCCC	+
chr1	233346597	233346617	testlib_TTTCTAAGGGAAGCGACATC	+
chr12	133121702	133121722	testlib_GTCTGTACAGAGATGTGATG	-
chr19	12353018	12353038	testlib_GTCTGTACAGAGATGTGATG	-
chr16	726009	726029	testlib_GGCCACCAGCTTGGAAGCAG	-
chr4	39521438	39521461	testlib_TGAGCAATGACACTACATGTGGG	+
chr21	31873779	31873799	testlib_TTCCTGCCTGCCTGGGTGAG	+
chr10	27218144	27218164	testlib_GTCAGCAGACCATAAGAATT	-
chr2	17781267	17781287	testlib_TCTGGTTGTAGATTATCCTG	-
chr2	136115780	136115800	testlib_GAAGATGATGGAGTAGATGG	+
chr4	1004278	1004298	testlib_CTCCTACCGAGTTCGAGCCC	+
chr5	141418489	141418509	testlib_GTACTGACCGCCTTAGATGG	+
chr1	203700885	203700905	testlib_GGTCAATGAGGATGACGAAG	+
chr7	76063543	76063563	testlib_CAGCATGGCCACCAATGACA	-
chr2	44209297	44209320	testlib_TGGATAAGCACTTGGAATCACGG	+
chr7	27130561	27130581	testlib_GCTGCTGCAGCGGCAGGTGC	+
chr5	150896734	150896757	testlib_GGCATAAATATAATCCACTGGGG	-
chr6	132776337	132776360	testlib_TCACTTAGGAGACCAAATAGTGG	+
chr6	63685738	63685758	testlib_TTGCTGCTTCTTCTTTGGCG	-
chr2	232485024	232485044	testlib_GTTCCACAGCGTCTGCACCC	+
chr7	99450779	99450799	testlib_TCACTGCATGAATTTACACG	-
chr14	77407466	77407486	testlib_TAGCTGCCATCCCACTACCC	-
chr11	67483236	67483256	testlib_TTGGTCCCATCTTGAAAGTC	-
chr20	63742971	63742994	testlib_GGACTTAGTCCAGGAACCGCTGG	-
chr1	157521277	157521297	testlib_TTCAGTTCCGGTGTCTCGCC	-
chr3	102456285	102456305	testlib_ACAATCATCAGCTATCTACC	+
chr2	191835971	191835991	testlib_GAGGAGGCGGAGCGCTCCGA	-
chr10	98407583	98407603	testlib_TTACACTGATCTGGAGCTGA	-
chr2	219296225	219296245	testlib_CTCATATACGTGGTAGAGGG	+
chr12	124913694	124913714	testlib_ACATTCTCGATGGTGTCACT	+
chr12	124913238	124913258	testlib_ACATTCTCGATGGTGTCACT	+
chr12	124911870	124911890	testlib_ACATTCTCGATGGTGTCACT	+
chr12	123639302	123639322	testlib_CTTTCCCCACCAAATTGGGT	-
chr2	233768297	233768317	testlib_AAACAAGGGCATCATCACCA	-
chr12	70701129	70701149	testlib_GGCTCACCATGAATTCACTT	+
chr16	284447	284467	testlib_GCTCGCGGCCGAGTCAATGG	+
chr8	67291973	67291996	testlib_ATATATCCCAAGAACACGAAGGG	-
chr12	56454439	56454459	testlib_AGACTGCACCAGTGTAGCCA	+
chr19	46494705	46494725	testlib_AGACGGTCCCCGCGAGTTCT	-
chr22	29313529	29313552	testlib_GAAGCGCCCATCCTCGTGGTAGG	-
chr1	151638932	151638952	testlib_CCTGATTCGAGCAGGCGAGA	+
chr6	10410158	10410181	testlib_GGAGTAAGGATCTTGCGACTGGG	+
chr7	138752762	138752782	testlib_GATGAGCCAGGAGTGCCAGT	+
chr9	128063678	128063698	testlib_GTGCGATCTCCTTCACATGC	+
chr12	120222671	120222691	testlib_GAGACTAACAGCCCCTTGGG	-
chr4	83581675	83581695	testlib_TAGAAGATGAAGTGACCCAG	+
chr17	3964247	3964267	testlib_TGGCGCAGCACGTCGGCGGC	+
chr4	9210658	9210678	testlib_GGAGGACGACTCACTCTACT	+
chr4	9325166	9325186	testlib_GGAGGACGACTCACTCTACT	+
chr4	9272365	9272385	testlib_GGAGGACGACTCACTCTACT	+
chr4	9267620	9267640	testlib_GGAGGACGACTCACTCTACT	+
chr4	9258125	9258145	testlib_GGAGGACGACTCACTCTACT	+
chr4	9248631	9248651	testlib_GGAGGACGACTCACTCTACT	+
chr4	9243880	9243900	testlib_GGAGGACGACTCACTCTACT	+
chr4	9239131	9239151	testlib_GGAGGACGACTCACTCTACT	+
chr4	9234386	9234406	testlib_GGAGGACGACTCACTCTACT	+
chr4	9215406	9215426	testlib_GGAGGACGACTCACTCTACT	+
chr8	7341827	7341847	testlib_GGAGGACGACTCACTCTACT	+
chr8_KI270813v1_alt	26106	26126	testlib_GGAGGACGACTCACTCTACT	+
chr8_KI270813v1_alt	24050	24070	testlib_GGAGGACGACTCACTCTACT	+
chr8	12380242	12380262	testlib_GGAGGACGACTCACTCTACT	-
chr8	12375524	12375544	testlib_GGAGGACGACTCACTCTACT	-
chr8	12138738	12138758	testlib_GGAGGACGACTCACTCTACT	-
chr8	7973231	7973251	testlib_GGAGGACGACTCACTCTACT	-
chr8	7968522	7968542	testlib_GGAGGACGACTCACTCTACT	-
chrY	12725140	12725160	testlib_GTCCATCTCGAAAAAAACGT	-
chr4	56459447	56459467	testlib_GCAGTTTGCTCCATACCAAA	-
chr19	10094891	10094911	testlib_ACAAGACGGACCGGAACCAC	+
chr11	27674251	27674274	testlib_GCACTCATGGAGAAAACTGGTGG	+
chr15	66565314	66565334	testlib_GGATGCTACTGCTGGTGCCC	-
chr6	33290347	33290370	testlib_CAGAAGTTTAAAGACCACGTTGG	-
chr6_GL000251v2_alt	4701832	4701855	testlib_CAGAAGTTTAAAGACCACGTTGG	-
chr6_GL000252v2_alt	4533865	4533888	testlib_CAGAAGTTTAAAGACCACGTTGG	-
chr6_GL000254v2_alt	4726283	4726306	testlib_CAGAAGTTTAAAGACCACGTTGG	-
chr6_GL000255v2_alt	4484771	4484794	testlib_CAGAAGTTTAAAGACCACGTTGG	-
chr1	206099653	206099673	testlib_ATCTGTTCACTCTTGTGGGC	-
chr9	113331030	113331050	testlib_CATGGATACCGTCTCTGTCG	-
chr17	38674377	38674397	testlib_GGCACAGCGGAGAGAATTCC	+
chr17_KI270857v1_alt	2709696	2709716	testlib_GGCACAGCGGAGAGAATTCC	+
chr10	37125986	37126006	testlib_ATATACAAGACGCCCAGAAG	+
chr5	140786755	140786775	testlib_GGAGCTGCTGATGCAGACAT	+
chr19	15087526	15087546	testlib_AGGTGTGTATGAGAGACTGG	-
chr10	73541399	73541419	testlib_GAAGATGTTATCCACAGCCT	-
chr6	4099110	4099133	testlib_TCATCAACAATGTAACTGACGGG	+
chr7	129127133	129127153	testlib_AGATCAAGCTGTGTGACTTC	+
chr19	4101084	4101104	testlib_AGATCAAGCTGTGTGACTTC	-
chr19	15448113	15448133	testlib_GACATTCTGGATGGCAGAGG	-
chr2	177232385	177232405	testlib_AGTTACCTGTAACTCAGGAA	+
chr13	23869316	23869336	testlib_GAGAGCCCTGTGAGAAAACG	+
chr17	75891097	75891120	testlib_TGGGGCCCCAGCCTGCACCGTGG	+
chr4	47914087	47914107	testlib_GCCGGAGGAGGGCGAGAGAA	-
chr19	55376885	55376905	testlib_GCTCCTGCTGCTGCAGGGCT	+
chr1	150272828	150272848	testlib_CAGCAAAGATGGCTACAAAG	-
chr1	45334482	45334502	testlib_AGGAAGCCACGAGCAGCCGT	-
chr11	58624269	58624289	testlib_TGCCTTTGCATACCAGATAG	+
chr10	32901595	32901618	testlib_TAAGAGTGCCGTAACAACTGTGG	-
chr19	14621656	14621679	testlib_TAAGAGTGCCGTAACAACTGTGG	-
chr12	121004464	121004484	testlib_ACAGTGACGAGGAGTGGCGG	-
chr3	96866867	96866887	testlib_GAAAACATATCCATTAAATG	+
chr8	105798747	105798767	testlib_ACTCCGATACCAGATGCCAC	-
chr11	124215434	124215454	testlib_TGCCCTCAGTGGAGTGAATG	-
chr12	130992370	130992390	testlib_GACAGCCTTGAATCTCACCA	+
chr16	31109236	31109256	testlib_CGGTGCTGAGGAGCGGTCCC	+
chr5	1254460	1254480	testlib_CGCCGGCCCTCTGCCCTCCG	-
chr5	151892326	151892346	testlib_GATCCTGGCATCATATCCGG	+
chr17	16000114	16000134	testlib_CGAGAACCAGGCGAGCGCTG	-
chr9	122381694	122381717	testlib_TGGAGCGTCAGTATCAACTGCGG	+
chr6	116806974	116806997	testlib_CGTGTGCATAGCCTTCAAAGAGG	-
chr19	45364483	45364503	testlib_GGACCCCAAGATTGCAGACC	-
chr6	110127551	110127571	testlib_GCTGTGTGGCACAAGTGCCT	+
chr7	21916755	21916775	testlib_CTCACTAGAGTCAGGGAAAC	-
chr2	177212754	177212774	testlib_GTCCCATATTGAACTCGAGT	+
chr3	75214504	75214524	testlib_GTCCCATATTGAACTCGAGT	+
chr14	20693922	20693945	testlib_AACGTTTCTGAACCCCGCTGTGG	-
chr1	114153666	114153686	testlib_TCTCCACGTCCAGCCCGAGA	+
chr5	177050805	177050825	testlib_CAGGGTCGTTGAAAGTTGCA	-
chrX	17801730	17801753	testlib_TGTGAATGGGCATCACCACTGGG	+
chr8	71842648	71842668	testlib_TTCCAGTCCGATTTAAGCGG	+
chrX	14752932	14752952	testlib_CTCCTTCCTTCTTCTCTGTC	+
chr6	110962473	110962493	testlib_CTCCTTCCTTCTTCTCTGTC	-
chrX	107131960	107131980	testlib_CTCCTTCCTTCTTCTCTGTC	-
chr8	64596831	64596851	testlib_TACCTAATGCCGTTTGGAAC	-
chr11	77702002	77702022	testlib_GGAGTAACTGATTTACACAA	+
chr1	200666015	200666035	testlib_TCTCTTCCCAGAAGTCCCAC	+
chr10	58390758	58390778	testlib_ATTCAGGAGTTAACACTGCT	+
chr17	3421190	3421210	testlib_CTTTGTAGCAGCAGCCTTCA	+
chr10	6025974	6025994	testlib_ACACGCCACATTCAAAGCCA	-
chr1	40301226	40301246	testlib_ATAGGCCGAAGCTCCAAGGC	+
chr11	62570964	62570987	testlib_CTGCTTATAGAGCCACAACAGGG	+
chr7	133035398	133035421	testlib_CTGCTTATAGAGCCACAACAGGG	+
chr4	129903352	129903375	testlib_CTGCTTATAGAGCCACAACAGGG	-
chr7	125033943	125033966	testlib_CTGCTTATAGAGCCACAACAGGG	-
chr2	112659073	112659093	testlib_ATTCACGGTGCTATCTATGC	-
chr10	129842271	129842291	testlib_GATCATCTTGAAGCGAGCGG	-
chr10	122249081	122249101	testlib_GTACCTGTCCCGGGTGAAGA	+
chr16	87714557	87714577	testlib_GCAGAGAGTTAAGAAAGACG	-
chr21	43453183	43453203	testlib_TGCCATGTGCAGTGAACCCC	+
chr21	6085062	6085082	testlib_TGCCATGTGCAGTGAACCCC	-
chr17	49973101	49973124	testlib_GCCTGAGGGCGCCGCTCGGAGGG	-
chr17	58218669	58218689	testlib_TATCAGCCTGCTGCCGAGCT	-
chr11	95067535	95067555	testlib_GAGCCACGCGGCAGGTCCAG	+
chr16	70222459	70222479	testlib_TCATTAAGCAGCTTCGAGTC	-
chr10	113641419	113641439	testlib_AGAGGCCGCTATGAAGGAGT	-
chr11	5453584	5453604	testlib_GTGATGTATGCTGTGGCCCT	+
chr9	112486413	112486433	testlib_TGCTCCTTGCGTTTCAGTGG	+
chr13	99971655	99971675	testlib_ATGTTTTTGAAGGCGGGCAG	-
chr9	21385224	21385247	testlib_AAACCCACAGCCTGGGTAGCAGG	-
chr22	45414316	45414336	testlib_TATAGGGAGACACTGAAGCC	+
chrX	150718641	150718661	testlib_TAAGCTGGCACAGATGGAAG	+
chr3	122569889	122569909	testlib_ACTTCCTATGGTATTCAGAA	+
chr16	1314336	1314359	testlib_TGGCGCACTCCCAGTTCATGAGG	-
chr15	49239240	49239263	testlib_CCTGACTGGAATGAACTGCCTGG	+
chr5	75399348	75399368	testlib_TAGATCAATGGAAGACATGG	+
chr20	45301140	45301160	testlib_GCCACGGTGCCACTGCAGAG	-
chr14	90043088	90043108	testlib_CATTCCTTATGTCAAAGCAC	+
chr11	67487034	67487054	testlib_TGACGACGAGGGCACCGTGC	+
chr20	46596291	46596311	testlib_GAGTCAGCCGGCAGATCCAG	+
chr4	113978586	113978606	testlib_GCTAGGATGAAAATGAGATG	+
chr9	95875540	95875560	testlib_GCCTCAGAGGGAAGAGACAT	+
chr1	43900768	43900788	testlib_TACTTGACACTGCCTGTACT	-
chr12	48823395	48823415	testlib_ACTCTCCCGGTCCTCCTCCA	-
chr3	119447006	119447026	testlib_GGAGTACTCACGGGTAGCCA	+
chr1	155433485	155433505	testlib_GGTGGAGAGCAACTCCGATG	+
chr12	8134526	8134546	testlib_GGTGGAGAGCAACTCCGATG	-
chr6	31170295	31170315	testlib_GGTGGAGAGCAACTCCGATG	-
chr6_GL000251v2_alt	2652737	2652757	testlib_GGTGGAGAGCAACTCCGATG	-
chr6_GL000252v2_alt	2429629	2429649	testlib_GGTGGAGAGCAACTCCGATG	-
chr6_GL000253v2_alt	2480815	2480835	testlib_GGTGGAGAGCAACTCCGATG	-
chr6_GL000254v2_alt	2514429	2514449	testlib_GGTGGAGAGCAACTCCGATG	-
chr6_GL000255v2_alt	2428345	2428365	testlib_GGTGGAGAGCAACTCCGATG	-
chr6_GL000256v2_alt	2473727	2473747	testlib_GGTGGAGAGCAACTCCGATG	-
chr7	151242759	151242779	testlib_ATCAAACCATCATGCGGAAG	-
chr10	116125315	116125338	testlib_ACATCGCCTGCACAGAGCGGAGG	-
chr5	147401643	147401663	testlib_GGTTCCATCTATGCCGAGGC	+
chr9	113349685	113349705	testlib_GGCGCACACGGGCCGTCGCT	-
chrX	11763778	11763798	testlib_CTCCTTACAAAGGTCAACAC	-
chr7	116763137	116763157	testlib_ATCTAACATGAAAAAGGCTT	-
chr7	21591487	21591507	testlib_GCCTTCACCTTGGAGGACAA	+
chr11	60703422	60703445	testlib_ATCATGGCGACGGTTCTCGTAGG	+
chr3	50640383	50640403	testlib_TCTACCTCCTGCCGGGCCTT	-
chr3	44827506	44827526	testlib_GACGGCCAAGTGTGAGCAGC	+
chr14	102999566	102999586	testlib_ATCAGCTTCATTACGTGCAC	-
chr17	39462493	39462513	testlib_ATCGATGAAGGACCGGATAT	+
chr18	80038563	80038586	testlib_TGAGCAGAACGCACACATGGAGG	+
chr19	48162248	48162268	testlib_CCCTGTGACATACTTTGGAG	+
chr2	203396810	203396830	testlib_GCAGAAGTAGCAGGAAGGGG	-
chr11	94306590	94306613	testlib_AACTTCAGCCTGTTTCACTGTGG	+
chr19	32973521	32973541	testlib_CAGGAAATGGCTACAGAAAG	+
chr8	144425017	144425037	testlib_TTGGACCAGGAGCCGGGAGC	+
chr8	22109222	22109242	testlib_CGAGTCGCAGCTGTGCACGC	+
chr17	4675159	4675179	testlib_TTGCGCTTTGGGATCCTGAT	-
chr1	101239399	101239422	testlib_CATTGTGATATAGCGCTCAATGG	-
chr3	38020298	38020318	testlib_GAAGGGCAGCCAGCTCCTGA	-
chr12	120108418	120108438	testlib_TTTGCAGACAACACTTTCTC	-
chr19	4267757	4267777	testlib_GGCGGCCCCCACCCCAGGTA	+
chr1	77411006	77411026	testlib_GGTGTTCTATGACATCAGCA	+
chr16	75305031	75305054	testlib_AACTGGCCATCCATAATCGAGGG	-
chr4	5017145	5017165	testlib_ATACCTGCCCAGGCTGTACC	-
chr11	120298368	120298388	testlib_GCTAAATGCCAGCCCATGTC	+
chr1	220881207	220881230	testlib_CTAACCGGTGGGCGGCCCGCCGG	+
chr12	6850498	6850518	testlib_ATACCAAGAGTAGGAGAGCG	+
chr9	128716893	128716913	testlib_GCTCGGGGAAGACATCCTCG	-
chr8	144438544	144438564	testlib_CGTTTCGCCGGTTCCACTGT	+
chr14	51715366	51715389	testlib_CGGAAGCTCATATACTACACGGG	+
chr3	48419592	48419612	testlib_GACTACCAGTATGACACCCC	-
chr16	84195893	84195916	testlib_GAGGGCGCCACGTAGCACACAGG	-
chr3	62371206	62371226	testlib_CACCAAAAAGGTAACGTGCC	-
chr8	23043139	23043159	testlib_GGTGGACACAATCCCTCTGA	+
chr7	33966531	33966551	testlib_CGTAGAACACAAGGCTCAGC	-
chrX	102218032	102218052	testlib_AGTAAACCAAGATTTCTATG	+
chrX	102469060	102469080	testlib_AGTAAACCAAGATTTCTATG	-
chr12	4548710	4548730	testlib_ATGATGTTGGTGGTGTTCAA	+
chr6	33700487	33700507	testlib_AAGCTGGTGTCTCTGGGGCG	+
chr17	38760488	38760511	testlib_AGGTCTAGAGAGCAAATGAAGGG	-
chr17_KI270857v1_alt	2795807	2795830	testlib_AGGTCTAGAGAGCAAATGAAGGG	-
chr10	133423524	133423544	testlib_CTCGAGGGTGCGCGTGAGGC	-
chr11	3640086	3640106	testlib_GGGAGTTGAATCAGGCCGTG	-
chr15	43523276	43523296	testlib_GAACAAGGCAGCAAGGACAG	+
chr12	64222113	64222133	testlib_CAATGTGGAGAAGGAACGAG	-
chr12	50936639	50936659	testlib_GAGGAGAGAAGAGACAAATA	-
chr7	74712308	74712328	testlib_GAGGAGAGAAGAGACAAATA	-
chr3	119500740	119500760	testlib_GCAGCTACAGCAGGCATCAT	+
chr17	7220759	7220779	testlib_CTCTTCGTTGAGCACTGCAG	-
chr17	32488081	32488104	testlib_GGCGGCAGAGAAACTCACCCAGG	-
chr1	5785184	5785204	testlib_AAAAAAAAAAAAAAAATCCC	+
chr1	243713758	243713778	testlib_AAAAAAAAAAAAAAAATCCC	+
chr1	14789781	14789801	testlib_AAAAAAAAAAAAAAAATCCC	+
chr1	235637058	235637078	testlib_AAAAAAAAAAAAAAAATCCC	+
chr1	18106314	18106334	testlib_AAAAAAAAAAAAAAAATCCC	+
chr1	223675813	223675833	testlib_AAAAAAAAAAAAAAAATCCC	+
chr1	43714266	43714286	testlib_AAAAAAAAAAAAAAAATCCC	+
chr1	216787608	216787628	testlib_AAAAAAAAAAAAAAAATCCC	+
chr1	44360979	44360999	testlib_AAAAAAAAAAAAAAAATCCC	+
chr1	212733436	212733456	testlib_AAAAAAAAAAAAAAAATCCC	+
chr1	46004367	46004387	testlib_AAAAAAAAAAAAAAAATCCC	+
chr1	211127429	211127449	testlib_AAAAAAAAAAAAAAAATCCC	+
chr1	209721471	209721491	testlib_AAAAAAAAAAAAAAAATCCC	+
chr1	206309169	206309189	testlib_AAAAAAAAAAAAAAAATCCC	+
chr1	165236777	165236797	testlib_AAAAAAAAAAAAAAAATCCC	+
chr1	143810166	143810186	testlib_AAAAAAAAAAAAAAAATCCC	+
chr10	127693884	127693904	testlib_AAAAAAAAAAAAAAAATCCC	+
chr10	3100866	3100886	testlib_AAAAAAAAAAAAAAAATCCC	+
chr10	121904647	121904667	testlib_AAAAAAAAAAAAAAAATCCC	+
chr10	6707388	6707408	testlib_AAAAAAAAAAAAAAAATCCC	+
chr10	108024542	108024562	testlib_AAAAAAAAAAAAAAAATCCC	+
chr10	7253827	7253847	testlib_AAAAAAAAAAAAAAAATCCC	+
chr10	99605122	99605142	testlib_AAAAAAAAAAAAAAAATCCC	+
chr10	8184743	8184763	testlib_AAAAAAAAAAAAAAAATCCC	+
chr10	99359022	99359042	testlib_AAAAAAAAAAAAAAAATCCC	+
chr10	8369252	8369272	testlib_AAAAAAAAAAAAAAAATCCC	+
chr10	94600293	94600313	testlib_AAAAAAAAAAAAAAAATCCC	+
chr10	78062676	78062696	testlib_AAAAAAAAAAAAAAAATCCC	+
chr10	74139916	74139936	testlib_AAAAAAAAAAAAAAAATCCC	+
chr10	65952033	65952053	testlib_AAAAAAAAAAAAAAAATCCC	+
chr10	14260024	14260044	testlib_AAAAAAAAAAAAAAAATCCC	+
chr10	92979904	92979924	testlib_AAAAAAAAAAAAAAAATCCC	+
chr11	128580186	128580206	testlib_AAAAAAAAAAAAAAAATCCC	+
chr11	3836052	3836072	testlib_AAAAAAAAAAAAAAAATCCC	+
chr11	116815606	116815626	testlib_AAAAAAAAAAAAAAAATCCC	+
chr11	5753999	5754019	testlib_AAAAAAAAAAAAAAAATCCC	+
chr11	107091432	107091452	testlib_AAAAAAAAAAAAAAAATCCC	+
chr11	10535464	10535484	testlib_AAAAAAAAAAAAAAAATCCC	+
chr11	102045263	102045283	testlib_AAAAAAAAAAAAAAAATCCC	+
chr11	57586822	57586842	testlib_AAAAAAAAAAAAAAAATCCC	+
chr11	60816393	60816413	testlib_AAAAAAAAAAAAAAAATCCC	+
chr11	98202428	98202448	testlib_AAAAAAAAAAAAAAAATCCC	+
chr11	22098919	22098939	testlib_AAAAAAAAAAAAAAAATCCC	+
chr11	97512873	97512893	testlib_AAAAAAAAAAAAAAAATCCC	+
chr11	97182128	97182148	testlib_AAAAAAAAAAAAAAAATCCC	+
chr11	64279768	64279788	testlib_AAAAAAAAAAAAAAAATCCC	+
chr11	45967368	45967388	testlib_AAAAAAAAAAAAAAAATCCC	+
chr12	131847414	131847434	testlib_AAAAAAAAAAAAAAAATCCC	+
chr12	45054209	45054229	testlib_AAAAAAAAAAAAAAAATCCC	+
chr12	28406277	28406297	testlib_AAAAAAAAAAAAAAAATCCC	+
chr12	13784243	13784263	testlib_AAAAAAAAAAAAAAAATCCC	+
chr12	124067653	124067673	testlib_AAAAAAAAAAAAAAAATCCC	+
chr12	92260581	92260601	testlib_AAAAAAAAAAAAAAAATCCC	+
chr12	117261189	117261209	testlib_AAAAAAAAAAAAAAAATCCC	+
chr12	120418821	120418841	testlib_AAAAAAAAAAAAAAAATCCC	+
chr12	94951367	94951387	testlib_AAAAAAAAAAAAAAAATCCC	+
chr12	120283957	120283977	testlib_AAAAAAAAAAAAAAAATCCC	+
chr12	62647909	62647929	testlib_AAAAAAAAAAAAAAAATCCC	+
chr12	56536212	56536232	testlib_AAAAAAAAAAAAAAAATCCC	+
chr12_GL383553v2_alt	72199	72219	testlib_AAAAAAAAAAAAAAAATCCC	+
chr13	20956166	20956186	testlib_AAAAAAAAAAAAAAAATCCC	+
chr13	107645689	107645709	testlib_AAAAAAAAAAAAAAAATCCC	+
chr13	100169439	100169459	testlib_AAAAAAAAAAAAAAAATCCC	+
chr13	86278293	86278313	testlib_AAAAAAAAAAAAAAAATCCC	+
chr13	78421980	78422000	testlib_AAAAAAAAAAAAAAAATCCC	+
chr13	76906449	76906469	testlib_AAAAAAAAAAAAAAAATCCC	+
chr13	70435891	70435911	testlib_AAAAAAAAAAAAAAAATCCC	+
chr13	42897101	42897121	testlib_AAAAAAAAAAAAAAAATCCC	+
chr13	40371739	40371759	testlib_AAAAAAAAAAAAAAAATCCC	+
chr13	31380254	31380274	testlib_AAAAAAAAAAAAAAAATCCC	+
chr13_KI270843v1_alt	96847	96867	testlib_AAAAAAAAAAAAAAAATCCC	+
chr14	21260374	21260394	testlib_AAAAAAAAAAAAAAAATCCC	+
chr14	91059341	91059361	testlib_AAAAAAAAAAAAAAAATCCC	+
chr14	86559484	86559504	testlib_AAAAAAAAAAAAAAAATCCC	+
chr14	81525422	81525442	testlib_AAAAAAAAAAAAAAAATCCC	+
chr14	72775986	72776006	testlib_AAAAAAAAAAAAAAAATCCC	+
chr14	52827412	52827432	testlib_AAAAAAAAAAAAAAAATCCC	+
chr14	52340473	52340493	testlib_AAAAAAAAAAAAAAAATCCC	+
chr14	35064053	35064073	testlib_AAAAAAAAAAAAAAAATCCC	+
chr14	31186693	31186713	testlib_AAAAAAAAAAAAAAAATCCC	+
chr15	20254739	20254759	testlib_AAAAAAAAAAAAAAAATCCC	+
chr15	99994452	99994472	testlib_AAAAAAAAAAAAAAAATCCC	+
chr15	98542913	98542933	testlib_AAAAAAAAAAAAAAAATCCC	+
chr15	98327502	98327522	testlib_AAAAAAAAAAAAAAAATCCC	+
chr15	76896039	76896059	testlib_AAAAAAAAAAAAAAAATCCC	+
chr15	67036752	67036772	testlib_AAAAAAAAAAAAAAAATCCC	+
chr15	64719608	64719628	testlib_AAAAAAAAAAAAAAAATCCC	+
chr15	59769193	59769213	testlib_AAAAAAAAAAAAAAAATCCC	+
chr15	50962900	50962920	testlib_AAAAAAAAAAAAAAAATCCC	+
chr15	44409916	44409936	testlib_AAAAAAAAAAAAAAAATCCC	+
chr15_KI270850v1_alt	373784	373804	testlib_AAAAAAAAAAAAAAAATCCC	+
chr16	2947766	2947786	testlib_AAAAAAAAAAAAAAAATCCC	+
chr16	14934291	14934311	testlib_AAAAAAAAAAAAAAAATCCC	+
chr16	87259558	87259578	testlib_AAAAAAAAAAAAAAAATCCC	+
chr16	16042703	16042723	testlib_AAAAAAAAAAAAAAAATCCC	+
chr16	86073112	86073132	testlib_AAAAAAAAAAAAAAAATCCC	+
chr16	16332778	16332798	testlib_AAAAAAAAAAAAAAAATCCC	+
chr16	84565324	84565344	testlib_AAAAAAAAAAAAAAAATCCC	+
chr16	73926177	73926197	testlib_AAAAAAAAAAAAAAAATCCC	+
chr16	19710919	19710939	testlib_AAAAAAAAAAAAAAAATCCC	+
chr16	20344601	20344621	testlib_AAAAAAAAAAAAAAAATCCC	+
chr16	18593724	18593744	testlib_AAAAAAAAAAAAAAAATCCC	+
chr16	24390493	24390513	testlib_AAAAAAAAAAAAAAAATCCC	+
chr16	75503011	75503031	testlib_AAAAAAAAAAAAAAAATCCC	+
chr16	31055023	31055043	testlib_AAAAAAAAAAAAAAAATCCC	+
chr16	72606508	72606528	testlib_AAAAAAAAAAAAAAAATCCC	+
chr16	81151298	81151318	testlib_AAAAAAAAAAAAAAAATCCC	+
chr16_KI270853v1_alt	538583	538603	testlib_AAAAAAAAAAAAAAAATCCC	+
chr16_KI270853v1_alt	1991959	1991979	testlib_AAAAAAAAAAAAAAAATCCC	+
chr17	1232311	1232331	testlib_AAAAAAAAAAAAAAAATCCC	+
chr17	78634034	78634054	testlib_AAAAAAAAAAAAAAAATCCC	+
chr17	35901757	35901777	testlib_AAAAAAAAAAAAAAAATCCC	+
chr17	28723117	28723137	testlib_AAAAAAAAAAAAAAAATCCC	+
chr17	77407292	77407312	testlib_AAAAAAAAAAAAAAAATCCC	+
chr17	8157757	8157777	testlib_AAAAAAAAAAAAAAAATCCC	+
chr17	10895237	10895257	testlib_AAAAAAAAAAAAAAAATCCC	+
chr17	75288656	75288676	testlib_AAAAAAAAAAAAAAAATCCC	+
chr17	18046929	18046949	testlib_AAAAAAAAAAAAAAAATCCC	+
chr17	60386367	60386387	testlib_AAAAAAAAAAAAAAAATCCC	+
chr17	38161726	38161746	testlib_AAAAAAAAAAAAAAAATCCC	+
chr17	37958231	37958251	testlib_AAAAAAAAAAAAAAAATCCC	+
chr17	59986274	59986294	testlib_AAAAAAAAAAAAAAAATCCC	+
chr17	45418276	45418296	testlib_AAAAAAAAAAAAAAAATCCC	+
chr17_GL000258v2_alt	1784944	1784964	testlib_AAAAAAAAAAAAAAAATCCC	+
chr17_GL000258v2_alt	631824	631844	testlib_AAAAAAAAAAAAAAAATCCC	+
chr17_GL000258v2_alt	108788	108808	testlib_AAAAAAAAAAAAAAAATCCC	+
chr17_GL000258v2_alt	1414263	1414283	testlib_AAAAAAAAAAAAAAAATCCC	+
chr17_KI270857v1_alt	136289	136309	testlib_AAAAAAAAAAAAAAAATCCC	+
chr17_KI270857v1_alt	592514	592534	testlib_AAAAAAAAAAAAAAAATCCC	+
chr17_KI270908v1_alt	1318472	1318492	testlib_AAAAAAAAAAAAAAAATCCC	+
chr17_KI270908v1_alt	878794	878814	testlib_AAAAAAAAAAAAAAAATCCC	+
chr17_KI270908v1_alt	108783	108803	testlib_AAAAAAAAAAAAAAAATCCC	+
chr17_KI270909v1_alt	187917	187937	testlib_AAAAAAAAAAAAAAAATCCC	+
chr18	24246797	24246817	testlib_AAAAAAAAAAAAAAAATCCC	+
chr18	25476237	25476257	testlib_AAAAAAAAAAAAAAAATCCC	+
chr18	35521963	35521983	testlib_AAAAAAAAAAAAAAAATCCC	+
chr18	12857063	12857083	testlib_AAAAAAAAAAAAAAAATCCC	+
chr18	51991099	51991119	testlib_AAAAAAAAAAAAAAAATCCC	+
chr18	39326829	39326849	testlib_AAAAAAAAAAAAAAAATCCC	+
chr18	26784282	26784302	testlib_AAAAAAAAAAAAAAAATCCC	+
chr18	65902408	65902428	testlib_AAAAAAAAAAAAAAAATCCC	+
chr19	745686	745706	testlib_AAAAAAAAAAAAAAAATCCC	+
chr19	6550106	6550126	testlib_AAAAAAAAAAAAAAAATCCC	+
chr19	7137267	7137287	testlib_AAAAAAAAAAAAAAAATCCC	+
chr19	8547604	8547624	testlib_AAAAAAAAAAAAAAAATCCC	+
chr19	8621347	8621367	testlib_AAAAAAAAAAAAAAAATCCC	+
chr19	12377132	12377152	testlib_AAAAAAAAAAAAAAAATCCC	+
chr19	14977041	14977061	testlib_AAAAAAAAAAAAAAAATCCC	+
chr19	18681832	18681852	testlib_AAAAAAAAAAAAAAAATCCC	+
chr19	19144577	19144597	testlib_AAAAAAAAAAAAAAAATCCC	+
chr19	23677712	23677732	testlib_AAAAAAAAAAAAAAAATCCC	+
chr19	33900837	33900857	testlib_AAAAAAAAAAAAAAAATCCC	+
chr19	50468372	50468392	testlib_AAAAAAAAAAAAAAAATCCC	+
chr19	48809767	48809787	testlib_AAAAAAAAAAAAAAAATCCC	+
chr19	47640534	47640554	testlib_AAAAAAAAAAAAAAAATCCC	+
chr19	47533380	47533400	testlib_AAAAAAAAAAAAAAAATCCC	+
chr19	46840371	46840391	testlib_AAAAAAAAAAAAAAAATCCC	+
chr19_GL949746v1_alt	955942	955962	testlib_AAAAAAAAAAAAAAAATCCC	+
chr19_GL949747v2_alt	697746	697766	testlib_AAAAAAAAAAAAAAAATCCC	+
chr19_GL949749v2_alt	1060067	1060087	testlib_AAAAAAAAAAAAAAAATCCC	+
chr19_GL949750v2_alt	1034616	1034636	testlib_AAAAAAAAAAAAAAAATCCC	+
chr19_GL949751v2_alt	970909	970929	testlib_AAAAAAAAAAAAAAAATCCC	+
chr19_GL949752v1_alt	955326	955346	testlib_AAAAAAAAAAAAAAAATCCC	+
chr19_KI270867v1_alt	188989	189009	testlib_AAAAAAAAAAAAAAAATCCC	+
chr19_KI270938v1_alt	1035026	1035046	testlib_AAAAAAAAAAAAAAAATCCC	+
chr1_KI270763v1_alt	725866	725886	testlib_AAAAAAAAAAAAAAAATCCC	+
chr2	7676417	7676437	testlib_AAAAAAAAAAAAAAAATCCC	+
chr2	9685554	9685574	testlib_AAAAAAAAAAAAAAAATCCC	+
chr2	14294077	14294097	testlib_AAAAAAAAAAAAAAAATCCC	+
chr2	15970311	15970331	testlib_AAAAAAAAAAAAAAAATCCC	+
chr2	29591084	29591104	testlib_AAAAAAAAAAAAAAAATCCC	+
chr2	37649466	37649486	testlib_AAAAAAAAAAAAAAAATCCC	+
chr2	51697512	51697532	testlib_AAAAAAAAAAAAAAAATCCC	+
chr2	61395795	61395815	testlib_AAAAAAAAAAAAAAAATCCC	+
chr2	73471494	73471514	testlib_AAAAAAAAAAAAAAAATCCC	+
chr2	78067878	78067898	testlib_AAAAAAAAAAAAAAAATCCC	+
chr2	241713989	241714009	testlib_AAAAAAAAAAAAAAAATCCC	+
chr2	113834047	113834067	testlib_AAAAAAAAAAAAAAAATCCC	+
chr2	232836571	232836591	testlib_AAAAAAAAAAAAAAAATCCC	+
chr2	197418248	197418268	testlib_AAAAAAAAAAAAAAAATCCC	+
chr2	202740186	202740206	testlib_AAAAAAAAAAAAAAAATCCC	+
chr2	174953164	174953184	testlib_AAAAAAAAAAAAAAAATCCC	+
chr20	62748179	62748199	testlib_AAAAAAAAAAAAAAAATCCC	+
chr20	34648257	34648277	testlib_AAAAAAAAAAAAAAAATCCC	+
chr20	2384111	2384131	testlib_AAAAAAAAAAAAAAAATCCC	+
chr20	41593992	41594012	testlib_AAAAAAAAAAAAAAAATCCC	+
chr20	48884141	48884161	testlib_AAAAAAAAAAAAAAAATCCC	+
chr20	2512923	2512943	testlib_AAAAAAAAAAAAAAAATCCC	+
chr20	52346812	52346832	testlib_AAAAAAAAAAAAAAAATCCC	+
chr20	3824931	3824951	testlib_AAAAAAAAAAAAAAAATCCC	+
chr21	27424972	27424992	testlib_AAAAAAAAAAAAAAAATCCC	+
chr21	32332522	32332542	testlib_AAAAAAAAAAAAAAAATCCC	+
chr21	33319699	33319719	testlib_AAAAAAAAAAAAAAAATCCC	+
chr21	41169451	41169471	testlib_AAAAAAAAAAAAAAAATCCC	+
chr21	19785646	19785666	testlib_AAAAAAAAAAAAAAAATCCC	+
chr21	36195346	36195366	testlib_AAAAAAAAAAAAAAAATCCC	+
chr22	48384008	48384028	testlib_AAAAAAAAAAAAAAAATCCC	+
chr22	17843127	17843147	testlib_AAAAAAAAAAAAAAAATCCC	+
chr22	36402281	36402301	testlib_AAAAAAAAAAAAAAAATCCC	+
chr22	21904017	21904037	testlib_AAAAAAAAAAAAAAAATCCC	+
chr22	45957109	45957129	testlib_AAAAAAAAAAAAAAAATCCC	+
chr22	39388264	39388284	testlib_AAAAAAAAAAAAAAAATCCC	+
chr3	1867992	1868012	testlib_AAAAAAAAAAAAAAAATCCC	+
chr3	24243079	24243099	testlib_AAAAAAAAAAAAAAAATCCC	+
chr3	28014874	28014894	testlib_AAAAAAAAAAAAAAAATCCC	+
chr3	30346139	30346159	testlib_AAAAAAAAAAAAAAAATCCC	+
chr3	33485532	33485552	testlib_AAAAAAAAAAAAAAAATCCC	+
chr3	47218852	47218872	testlib_AAAAAAAAAAAAAAAATCCC	+
chr3	50847887	50847907	testlib_AAAAAAAAAAAAAAAATCCC	+
chr3	59923236	59923256	testlib_AAAAAAAAAAAAAAAATCCC	+
chr3	64895369	64895389	testlib_AAAAAAAAAAAAAAAATCCC	+
chr3	69005062	69005082	testlib_AAAAAAAAAAAAAAAATCCC	+
chr3	102278424	102278444	testlib_AAAAAAAAAAAAAAAATCCC	+
chr3	194493136	194493156	testlib_AAAAAAAAAAAAAAAATCCC	+
chr3	192940977	192940997	testlib_AAAAAAAAAAAAAAAATCCC	+
chr3	185835829	185835849	testlib_AAAAAAAAAAAAAAAATCCC	+
chr3	185202341	185202361	testlib_AAAAAAAAAAAAAAAATCCC	+
chr3	174972998	174973018	testlib_AAAAAAAAAAAAAAAATCCC	+
chr4	183608833	183608853	testlib_AAAAAAAAAAAAAAAATCCC	+
chr4	173732321	173732341	testlib_AAAAAAAAAAAAAAAATCCC	+
chr4	144937682	144937702	testlib_AAAAAAAAAAAAAAAATCCC	+
chr4	140407587	140407607	testlib_AAAAAAAAAAAAAAAATCCC	+
chr4	134178371	134178391	testlib_AAAAAAAAAAAAAAAATCCC	+
chr4	585166	585186	testlib_AAAAAAAAAAAAAAAATCCC	+
chr4	118431647	118431667	testlib_AAAAAAAAAAAAAAAATCCC	+
chr4	2540118	2540138	testlib_AAAAAAAAAAAAAAAATCCC	+
chr4	115079366	115079386	testlib_AAAAAAAAAAAAAAAATCCC	+
chr4	36342923	36342943	testlib_AAAAAAAAAAAAAAAATCCC	+
chr4	65492546	65492566	testlib_AAAAAAAAAAAAAAAATCCC	+
chr4	31784182	31784202	testlib_AAAAAAAAAAAAAAAATCCC	+
chr4	16436547	16436567	testlib_AAAAAAAAAAAAAAAATCCC	+
chr4	25757464	25757484	testlib_AAAAAAAAAAAAAAAATCCC	+
chr4	7958894	7958914	testlib_AAAAAAAAAAAAAAAATCCC	+
chr4	95532449	95532469	testlib_AAAAAAAAAAAAAAAATCCC	+
chr5	178801037	178801057	testlib_AAAAAAAAAAAAAAAATCCC	+
chr5	170401757	170401777	testlib_AAAAAAAAAAAAAAAATCCC	+
chr5	161678956	161678976	testlib_AAAAAAAAAAAAAAAATCCC	+
chr5	3528446	3528466	testlib_AAAAAAAAAAAAAAAATCCC	+
chr5	159222443	159222463	testlib_AAAAAAAAAAAAAAAATCCC	+
chr5	127887333	127887353	testlib_AAAAAAAAAAAAAAAATCCC	+
chr5	96801866	96801886	testlib_AAAAAAAAAAAAAAAATCCC	+
chr5	149906522	149906542	testlib_AAAAAAAAAAAAAAAATCCC	+
chr5	148910069	148910089	testlib_AAAAAAAAAAAAAAAATCCC	+
chr5	128011393	128011413	testlib_AAAAAAAAAAAAAAAATCCC	+
chr5	96414139	96414159	testlib_AAAAAAAAAAAAAAAATCCC	+
chr5	17066729	17066749	testlib_AAAAAAAAAAAAAAAATCCC	+
chr5	46221808	46221828	testlib_AAAAAAAAAAAAAAAATCCC	+
chr5	29362641	29362661	testlib_AAAAAAAAAAAAAAAATCCC	+
chr5	26487863	26487883	testlib_AAAAAAAAAAAAAAAATCCC	+
chr5	10841642	10841662	testlib_AAAAAAAAAAAAAAAATCCC	+
chr6	157735964	157735984	testlib_AAAAAAAAAAAAAAAATCCC	+
chr6	157395793	157395813	testlib_AAAAAAAAAAAAAAAATCCC	+
chr6	156684226	156684246	testlib_AAAAAAAAAAAAAAAATCCC	+
chr6	142208092	142208112	testlib_AAAAAAAAAAAAAAAATCCC	+
chr6	138684212	138684232	testlib_AAAAAAAAAAAAAAAATCCC	+
chr6	134211884	134211904	testlib_AAAAAAAAAAAAAAAATCCC	+
chr6	122101753	122101773	testlib_AAAAAAAAAAAAAAAATCCC	+
chr6	108463296	108463316	testlib_AAAAAAAAAAAAAAAATCCC	+
chr6	99822502	99822522	testlib_AAAAAAAAAAAAAAAATCCC	+
chr6	79981176	79981196	testlib_AAAAAAAAAAAAAAAATCCC	+
chr6	56567432	56567452	testlib_AAAAAAAAAAAAAAAATCCC	+
chr6	48746892	48746912	testlib_AAAAAAAAAAAAAAAATCCC	+
chr6	44877471	44877491	testlib_AAAAAAAAAAAAAAAATCCC	+
chr6	36484826	36484846	testlib_AAAAAAAAAAAAAAAATCCC	+
chr6	33306979	33306999	testlib_AAAAAAAAAAAAAAAATCCC	+
chr6	32838467	32838487	testlib_AAAAAAAAAAAAAAAATCCC	+
chr6_GL000251v2_alt	4718473	4718493	testlib_AAAAAAAAAAAAAAAATCCC	+
chr6_GL000251v2_alt	4250666	4250686	testlib_AAAAAAAAAAAAAAAATCCC	+
chr6_GL000252v2_alt	4550506	4550526	testlib_AAAAAAAAAAAAAAAATCCC	+
chr6_GL000253v2_alt	4257821	4257841	testlib_AAAAAAAAAAAAAAAATCCC	+
chr6_GL000254v2_alt	4742916	4742936	testlib_AAAAAAAAAAAAAAAATCCC	+
chr6_GL000254v2_alt	3192619	3192639	testlib_AAAAAAAAAAAAAAAATCCC	+
chr6_GL000255v2_alt	4501411	4501431	testlib_AAAAAAAAAAAAAAAATCCC	+
chr6_GL000255v2_alt	4032756	4032776	testlib_AAAAAAAAAAAAAAAATCCC	+
chr7	5301262	5301282	testlib_AAAAAAAAAAAAAAAATCCC	+
chr7	6739556	6739576	testlib_AAAAAAAAAAAAAAAATCCC	+
chr7	16061876	16061896	testlib_AAAAAAAAAAAAAAAATCCC	+
chr7	16288853	16288873	testlib_AAAAAAAAAAAAAAAATCCC	+
chr7	18023821	18023841	testlib_AAAAAAAAAAAAAAAATCCC	+
chr7	18897818	18897838	testlib_AAAAAAAAAAAAAAAATCCC	+
chr7	19434268	19434288	testlib_AAAAAAAAAAAAAAAATCCC	+
chr7	24394486	24394506	testlib_AAAAAAAAAAAAAAAATCCC	+
chr7	28076714	28076734	testlib_AAAAAAAAAAAAAAAATCCC	+
chr7	48069931	48069951	testlib_AAAAAAAAAAAAAAAATCCC	+
chr7	66166221	66166241	testlib_AAAAAAAAAAAAAAAATCCC	+
chr7	157261323	157261343	testlib_AAAAAAAAAAAAAAAATCCC	+
chr7	150424138	150424158	testlib_AAAAAAAAAAAAAAAATCCC	+
chr7	149141047	149141067	testlib_AAAAAAAAAAAAAAAATCCC	+
chr7	133471412	133471432	testlib_AAAAAAAAAAAAAAAATCCC	+
chr7	130791708	130791728	testlib_AAAAAAAAAAAAAAAATCCC	+
chr7_KI270803v1_alt	999387	999407	testlib_AAAAAAAAAAAAAAAATCCC	+
chr8	134676262	134676282	testlib_AAAAAAAAAAAAAAAATCCC	+
chr8	131603917	131603937	testlib_AAAAAAAAAAAAAAAATCCC	+
chr8	127171808	127171828	testlib_AAAAAAAAAAAAAAAATCCC	+
chr8	126498633	126498653	testlib_AAAAAAAAAAAAAAAATCCC	+
chr8	123429881	123429901	testlib_AAAAAAAAAAAAAAAATCCC	+
chr8	123283772	123283792	testlib_AAAAAAAAAAAAAAAATCCC	+
chr8	71519666	71519686	testlib_AAAAAAAAAAAAAAAATCCC	+
chr8	69000639	69000659	testlib_AAAAAAAAAAAAAAAATCCC	+
chr8	49325173	49325193	testlib_AAAAAAAAAAAAAAAATCCC	+
chr8	46248422	46248442	testlib_AAAAAAAAAAAAAAAATCCC	+
chr8	42042443	42042463	testlib_AAAAAAAAAAAAAAAATCCC	+
chr8	29287204	29287224	testlib_AAAAAAAAAAAAAAAATCCC	+
chr8	26377218	26377238	testlib_AAAAAAAAAAAAAAAATCCC	+
chr8	18862893	18862913	testlib_AAAAAAAAAAAAAAAATCCC	+
chr8	9171783	9171803	testlib_AAAAAAAAAAAAAAAATCCC	+
chr8	7448316	7448336	testlib_AAAAAAAAAAAAAAAATCCC	+
chr8_KI270813v1_alt	131397	131417	testlib_AAAAAAAAAAAAAAAATCCC	+
chr9	383709	383729	testlib_AAAAAAAAAAAAAAAATCCC	+
chr9	138088978	138088998	testlib_AAAAAAAAAAAAAAAATCCC	+
chr9	629078	629098	testlib_AAAAAAAAAAAAAAAATCCC	+
chr9	134893823	134893843	testlib_AAAAAAAAAAAAAAAATCCC	+
chr9	2060134	2060154	testlib_AAAAAAAAAAAAAAAATCCC	+
chr9	130650898	130650918	testlib_AAAAAAAAAAAAAAAATCCC	+
chr9	68953814	68953834	testlib_AAAAAAAAAAAAAAAATCCC	+
chr9	125236083	125236103	testlib_AAAAAAAAAAAAAAAATCCC	+
chr9	112567968	112567988	testlib_AAAAAAAAAAAAAAAATCCC	+
chr9	15528183	15528203	testlib_AAAAAAAAAAAAAAAATCCC	+
chr9	21598636	21598656	testlib_AAAAAAAAAAAAAAAATCCC	+
chr9	111426696	111426716	testlib_AAAAAAAAAAAAAAAATCCC	+
chr9	84730792	84730812	testlib_AAAAAAAAAAAAAAAATCCC	+
chr9	91713278	91713298	testlib_AAAAAAAAAAAAAAAATCCC	+
chr9	89320364	89320384	testlib_AAAAAAAAAAAAAAAATCCC	+
chrUn_KI270751v1	66066	66086	testlib_AAAAAAAAAAAAAAAATCCC	+
chrX	6697687	6697707	testlib_AAAAAAAAAAAAAAAATCCC	+
chrX	13787053	13787073	testlib_AAAAAAAAAAAAAAAATCCC	+
chrX	14238072	14238092	testlib_AAAAAAAAAAAAAAAATCCC	+
chrX	15341931	15341951	testlib_AAAAAAAAAAAAAAAATCCC	+
chrX	15741387	15741407	testlib_AAAAAAAAAAAAAAAATCCC	+
chrX	35253593	35253613	testlib_AAAAAAAAAAAAAAAATCCC	+
chrX	44536321	44536341	testlib_AAAAAAAAAAAAAAAATCCC	+
chrX	53506451	53506471	testlib_AAAAAAAAAAAAAAAATCCC	+
chrX	54561077	54561097	testlib_AAAAAAAAAAAAAAAATCCC	+
chrX	54671898	54671918	testlib_AAAAAAAAAAAAAAAATCCC	+
chrX	66737021	66737041	testlib_AAAAAAAAAAAAAAAATCCC	+
chrX	155456578	155456598	testlib_AAAAAAAAAAAAAAAATCCC	+
chrX	138404373	138404393	testlib_AAAAAAAAAAAAAAAATCCC	+
chrX	135488726	135488746	testlib_AAAAAAAAAAAAAAAATCCC	+
chrX	134536883	134536903	testlib_AAAAAAAAAAAAAAAATCCC	+
chrX	127498318	127498338	testlib_AAAAAAAAAAAAAAAATCCC	+
chrY	24333443	24333463	testlib_AAAAAAAAAAAAAAAATCCC	+
chrY	16371505	16371525	testlib_AAAAAAAAAAAAAAAATCCC	+
chrY	13197869	13197889	testlib_AAAAAAAAAAAAAAAATCCC	+
chrY	7112049	7112069	testlib_AAAAAAAAAAAAAAAATCCC	+
chr1	396624	396644	testlib_AAAAAAAAAAAAAAAATCCC	-
chr1	3873473	3873493	testlib_AAAAAAAAAAAAAAAATCCC	-
chr1	28167629	28167649	testlib_AAAAAAAAAAAAAAAATCCC	-
chr1	37956542	37956562	testlib_AAAAAAAAAAAAAAAATCCC	-
chr1	38006956	38006976	testlib_AAAAAAAAAAAAAAAATCCC	-
chr1	38451518	38451538	testlib_AAAAAAAAAAAAAAAATCCC	-
chr1	39526335	39526355	testlib_AAAAAAAAAAAAAAAATCCC	-
chr1	40549370	40549390	testlib_AAAAAAAAAAAAAAAATCCC	-
chr1	52088909	52088929	testlib_AAAAAAAAAAAAAAAATCCC	-
chr1	76634681	76634701	testlib_AAAAAAAAAAAAAAAATCCC	-
chr1	148429858	148429878	testlib_AAAAAAAAAAAAAAAATCCC	-
chr1	246479498	246479518	testlib_AAAAAAAAAAAAAAAATCCC	-
chr1	243003642	243003662	testlib_AAAAAAAAAAAAAAAATCCC	-
chr1	235936753	235936773	testlib_AAAAAAAAAAAAAAAATCCC	-
chr1	223900829	223900849	testlib_AAAAAAAAAAAAAAAATCCC	-
chr1	218987543	218987563	testlib_AAAAAAAAAAAAAAAATCCC	-
chr10	126181068	126181088	testlib_AAAAAAAAAAAAAAAATCCC	-
chr10	121429244	121429264	testlib_AAAAAAAAAAAAAAAATCCC	-
chr10	110391537	110391557	testlib_AAAAAAAAAAAAAAAATCCC	-
chr10	109562559	109562579	testlib_AAAAAAAAAAAAAAAATCCC	-
chr10	102015387	102015407	testlib_AAAAAAAAAAAAAAAATCCC	-
chr10	101314614	101314634	testlib_AAAAAAAAAAAAAAAATCCC	-
chr10	85450252	85450272	testlib_AAAAAAAAAAAAAAAATCCC	-
chr10	61793269	61793289	testlib_AAAAAAAAAAAAAAAATCCC	-
chr10	8711297	8711317	testlib_AAAAAAAAAAAAAAAATCCC	-
chr10	10908210	10908230	testlib_AAAAAAAAAAAAAAAATCCC	-
chr10	11251266	11251286	testlib_AAAAAAAAAAAAAAAATCCC	-
chr10	47741835	47741855	testlib_AAAAAAAAAAAAAAAATCCC	-
chr10	34264743	34264763	testlib_AAAAAAAAAAAAAAAATCCC	-
chr10	26916068	26916088	testlib_AAAAAAAAAAAAAAAATCCC	-
chr10	25087198	25087218	testlib_AAAAAAAAAAAAAAAATCCC	-
chr10	25040367	25040387	testlib_AAAAAAAAAAAAAAAATCCC	-
chr11	126250088	126250108	testlib_AAAAAAAAAAAAAAAATCCC	-
chr11	6501297	6501317	testlib_AAAAAAAAAAAAAAAATCCC	-
chr11	114297477	114297497	testlib_AAAAAAAAAAAAAAAATCCC	-
chr11	8208404	8208424	testlib_AAAAAAAAAAAAAAAATCCC	-
chr11	111002974	111002994	testlib_AAAAAAAAAAAAAAAATCCC	-
chr11	9714803	9714823	testlib_AAAAAAAAAAAAAAAATCCC	-
chr11	88608510	88608530	testlib_AAAAAAAAAAAAAAAATCCC	-
chr11	65756200	65756220	testlib_AAAAAAAAAAAAAAAATCCC	-
chr11	64215828	64215848	testlib_AAAAAAAAAAAAAAAATCCC	-
chr11	72954192	72954212	testlib_AAAAAAAAAAAAAAAATCCC	-
chr11	71481479	71481499	testlib_AAAAAAAAAAAAAAAATCCC	-
chr11	32951834	32951854	testlib_AAAAAAAAAAAAAAAATCCC	-
chr11	32573747	32573767	testlib_AAAAAAAAAAAAAAAATCCC	-
chr11	68613894	68613914	testlib_AAAAAAAAAAAAAAAATCCC	-
chr11	63786798	63786818	testlib_AAAAAAAAAAAAAAAATCCC	-
chr11	47990679	47990699	testlib_AAAAAAAAAAAAAAAATCCC	-
chr12	129356143	129356163	testlib_AAAAAAAAAAAAAAAATCCC	-
chr12	413622	413642	testlib_AAAAAAAAAAAAAAAATCCC	-
chr12	129081735	129081755	testlib_AAAAAAAAAAAAAAAATCCC	-
chr12	458598	458618	testlib_AAAAAAAAAAAAAAAATCCC	-
chr12	116776912	116776932	testlib_AAAAAAAAAAAAAAAATCCC	-
chr12	1374820	1374840	testlib_AAAAAAAAAAAAAAAATCCC	-
chr12	116344228	116344248	testlib_AAAAAAAAAAAAAAAATCCC	-
chr12	95501003	95501023	testlib_AAAAAAAAAAAAAAAATCCC	-
chr12	63490760	63490780	testlib_AAAAAAAAAAAAAAAATCCC	-
chr12	100796032	100796052	testlib_AAAAAAAAAAAAAAAATCCC	-
chr12	12381007	12381027	testlib_AAAAAAAAAAAAAAAATCCC	-
chr12	4764526	4764546	testlib_AAAAAAAAAAAAAAAATCCC	-
chr12	15881798	15881818	testlib_AAAAAAAAAAAAAAAATCCC	-
chr12	113311693	113311713	testlib_AAAAAAAAAAAAAAAATCCC	-
chr12	110252392	110252412	testlib_AAAAAAAAAAAAAAAATCCC	-
chr12	108757637	108757657	testlib_AAAAAAAAAAAAAAAATCCC	-
chr13	21488817	21488837	testlib_AAAAAAAAAAAAAAAATCCC	-
chr13	82729348	82729368	testlib_AAAAAAAAAAAAAAAATCCC	-
chr13	79761413	79761433	testlib_AAAAAAAAAAAAAAAATCCC	-
chr13	76198463	76198483	testlib_AAAAAAAAAAAAAAAATCCC	-
chr13	62508439	62508459	testlib_AAAAAAAAAAAAAAAATCCC	-
chr13	52647388	52647408	testlib_AAAAAAAAAAAAAAAATCCC	-
chr13	40234588	40234608	testlib_AAAAAAAAAAAAAAAATCCC	-
chr13	30951997	30952017	testlib_AAAAAAAAAAAAAAAATCCC	-
chr13	30591503	30591523	testlib_AAAAAAAAAAAAAAAATCCC	-
chr13	23429341	23429361	testlib_AAAAAAAAAAAAAAAATCCC	-
chr14	61533324	61533344	testlib_AAAAAAAAAAAAAAAATCCC	-
chr14	105045312	105045332	testlib_AAAAAAAAAAAAAAAATCCC	-
chr14	32130205	32130225	testlib_AAAAAAAAAAAAAAAATCCC	-
chr14	93558589	93558609	testlib_AAAAAAAAAAAAAAAATCCC	-
chr14	77226763	77226783	testlib_AAAAAAAAAAAAAAAATCCC	-
chr14_KI270847v1_alt	673151	673171	testlib_AAAAAAAAAAAAAAAATCCC	-
chr15	29025259	29025279	testlib_AAAAAAAAAAAAAAAATCCC	-
chr15	66902194	66902214	testlib_AAAAAAAAAAAAAAAATCCC	-
chr15	65362842	65362862	testlib_AAAAAAAAAAAAAAAATCCC	-
chr15	64086610	64086630	testlib_AAAAAAAAAAAAAAAATCCC	-
chr15	58944853	58944873	testlib_AAAAAAAAAAAAAAAATCCC	-
chr15	58838578	58838598	testlib_AAAAAAAAAAAAAAAATCCC	-
chr15	52015475	52015495	testlib_AAAAAAAAAAAAAAAATCCC	-
chr15	37660415	37660435	testlib_AAAAAAAAAAAAAAAATCCC	-
chr15	36457978	36457998	testlib_AAAAAAAAAAAAAAAATCCC	-
chr15	31087227	31087247	testlib_AAAAAAAAAAAAAAAATCCC	-
chr15_KI270905v1_alt	3372975	3372995	testlib_AAAAAAAAAAAAAAAATCCC	-
chr15_KI270905v1_alt	1300209	1300229	testlib_AAAAAAAAAAAAAAAATCCC	-
chr16	1803537	1803557	testlib_AAAAAAAAAAAAAAAATCCC	-
chr16	7136400	7136420	testlib_AAAAAAAAAAAAAAAATCCC	-
chr16	88682758	88682778	testlib_AAAAAAAAAAAAAAAATCCC	-
chr16	13678350	13678370	testlib_AAAAAAAAAAAAAAAATCCC	-
chr16	85738322	85738342	testlib_AAAAAAAAAAAAAAAATCCC	-
chr16	15542627	15542647	testlib_AAAAAAAAAAAAAAAATCCC	-
chr16	85286700	85286720	testlib_AAAAAAAAAAAAAAAATCCC	-
chr16	19409554	19409574	testlib_AAAAAAAAAAAAAAAATCCC	-
chr16	85132785	85132805	testlib_AAAAAAAAAAAAAAAATCCC	-
chr16	58805473	58805493	testlib_AAAAAAAAAAAAAAAATCCC	-
chr16	57140864	57140884	testlib_AAAAAAAAAAAAAAAATCCC	-
chr16	67604960	67604980	testlib_AAAAAAAAAAAAAAAATCCC	-
chr16	53612485	53612505	testlib_AAAAAAAAAAAAAAAATCCC	-
chr16	22599790	22599810	testlib_AAAAAAAAAAAAAAAATCCC	-
chr16	33596249	33596269	testlib_AAAAAAAAAAAAAAAATCCC	-
chr16	26363328	26363348	testlib_AAAAAAAAAAAAAAAATCCC	-
chr16_KI270728v1_random	1444898	1444918	testlib_AAAAAAAAAAAAAAAATCCC	-
chr16_KI270728v1_random	619955	619975	testlib_AAAAAAAAAAAAAAAATCCC	-
chr16_KI270853v1_alt	1200619	1200639	testlib_AAAAAAAAAAAAAAAATCCC	-
chr16_KI270853v1_alt	735425	735445	testlib_AAAAAAAAAAAAAAAATCCC	-
chr17	76752393	76752413	testlib_AAAAAAAAAAAAAAAATCCC	-
chr17	19556555	19556575	testlib_AAAAAAAAAAAAAAAATCCC	-
chr17	66249299	66249319	testlib_AAAAAAAAAAAAAAAATCCC	-
chr17	18093315	18093335	testlib_AAAAAAAAAAAAAAAATCCC	-
chr17	61430347	61430367	testlib_AAAAAAAAAAAAAAAATCCC	-
chr17	65107302	65107322	testlib_AAAAAAAAAAAAAAAATCCC	-
chr17	58433907	58433927	testlib_AAAAAAAAAAAAAAAATCCC	-
chr17	37664680	37664700	testlib_AAAAAAAAAAAAAAAATCCC	-
chr17	62459317	62459337	testlib_AAAAAAAAAAAAAAAATCCC	-
chr17	43054740	43054760	testlib_AAAAAAAAAAAAAAAATCCC	-
chr17	60711145	60711165	testlib_AAAAAAAAAAAAAAAATCCC	-
chr17_GL000258v2_alt	1392724	1392744	testlib_AAAAAAAAAAAAAAAATCCC	-
chr17_KI270908v1_alt	857255	857275	testlib_AAAAAAAAAAAAAAAATCCC	-
chr18	3101985	3102005	testlib_AAAAAAAAAAAAAAAATCCC	-
chr18	33982738	33982758	testlib_AAAAAAAAAAAAAAAATCCC	-
chr18	385312	385332	testlib_AAAAAAAAAAAAAAAATCCC	-
chr18	59841615	59841635	testlib_AAAAAAAAAAAAAAAATCCC	-
chr18	41167775	41167795	testlib_AAAAAAAAAAAAAAAATCCC	-
chr18	53281758	53281778	testlib_AAAAAAAAAAAAAAAATCCC	-
chr18	48954612	48954632	testlib_AAAAAAAAAAAAAAAATCCC	-
chr18	3336074	3336094	testlib_AAAAAAAAAAAAAAAATCCC	-
chr18	48451677	48451697	testlib_AAAAAAAAAAAAAAAATCCC	-
chr18	71049421	71049441	testlib_AAAAAAAAAAAAAAAATCCC	-
chr19	53996859	53996879	testlib_AAAAAAAAAAAAAAAATCCC	-
chr19	53411288	53411308	testlib_AAAAAAAAAAAAAAAATCCC	-
chr19	50639412	50639432	testlib_AAAAAAAAAAAAAAAATCCC	-
chr19	48604318	48604338	testlib_AAAAAAAAAAAAAAAATCCC	-
chr19	48340117	48340137	testlib_AAAAAAAAAAAAAAAATCCC	-
chr19	4242988	4243008	testlib_AAAAAAAAAAAAAAAATCCC	-
chr19	5204605	5204625	testlib_AAAAAAAAAAAAAAAATCCC	-
chr19	5624683	5624703	testlib_AAAAAAAAAAAAAAAATCCC	-
chr19	9074447	9074467	testlib_AAAAAAAAAAAAAAAATCCC	-
chr19	43248149	43248169	testlib_AAAAAAAAAAAAAAAATCCC	-
chr19	41501333	41501353	testlib_AAAAAAAAAAAAAAAATCCC	-
chr19	46747383	46747403	testlib_AAAAAAAAAAAAAAAATCCC	-
chr19	41409794	41409814	testlib_AAAAAAAAAAAAAAAATCCC	-
chr19	23939858	23939878	testlib_AAAAAAAAAAAAAAAATCCC	-
chr19	17805102	17805122	testlib_AAAAAAAAAAAAAAAATCCC	-
chr19	17581905	17581925	testlib_AAAAAAAAAAAAAAAATCCC	-
chr1_GL383518v1_alt	49144	49164	testlib_AAAAAAAAAAAAAAAATCCC	-
chr1_KI270763v1_alt	15750	15770	testlib_AAAAAAAAAAAAAAAATCCC	-
chr2	6857327	6857347	testlib_AAAAAAAAAAAAAAAATCCC	-
chr2	25202988	25203008	testlib_AAAAAAAAAAAAAAAATCCC	-
chr2	26657007	26657027	testlib_AAAAAAAAAAAAAAAATCCC	-
chr2	32326279	32326299	testlib_AAAAAAAAAAAAAAAATCCC	-
chr2	34119333	34119353	testlib_AAAAAAAAAAAAAAAATCCC	-
chr2	36150897	36150917	testlib_AAAAAAAAAAAAAAAATCCC	-
chr2	115573272	115573292	testlib_AAAAAAAAAAAAAAAATCCC	-
chr2	135321470	135321490	testlib_AAAAAAAAAAAAAAAATCCC	-
chr2	112176930	112176950	testlib_AAAAAAAAAAAAAAAATCCC	-
chr2	174293273	174293293	testlib_AAAAAAAAAAAAAAAATCCC	-
chr2	207195423	207195443	testlib_AAAAAAAAAAAAAAAATCCC	-
chr2	219343179	219343199	testlib_AAAAAAAAAAAAAAAATCCC	-
chr2	231717485	231717505	testlib_AAAAAAAAAAAAAAAATCCC	-
chr2	232707633	232707653	testlib_AAAAAAAAAAAAAAAATCCC	-
chr2	66457157	66457177	testlib_AAAAAAAAAAAAAAAATCCC	-
chr2	80371552	80371572	testlib_AAAAAAAAAAAAAAAATCCC	-
chr20	33392458	33392478	testlib_AAAAAAAAAAAAAAAATCCC	-
chr20	31432333	31432353	testlib_AAAAAAAAAAAAAAAATCCC	-
chr20	9272879	9272899	testlib_AAAAAAAAAAAAAAAATCCC	-
chr20	10916415	10916435	testlib_AAAAAAAAAAAAAAAATCCC	-
chr20	13912288	13912308	testlib_AAAAAAAAAAAAAAAATCCC	-
chr20	15387734	15387754	testlib_AAAAAAAAAAAAAAAATCCC	-
chr20	35553016	35553036	testlib_AAAAAAAAAAAAAAAATCCC	-
chr20	24687388	24687408	testlib_AAAAAAAAAAAAAAAATCCC	-
chr20	48581633	48581653	testlib_AAAAAAAAAAAAAAAATCCC	-
chr20	6010073	6010093	testlib_AAAAAAAAAAAAAAAATCCC	-
chr20	47375482	47375502	testlib_AAAAAAAAAAAAAAAATCCC	-
chr20	34108932	34108952	testlib_AAAAAAAAAAAAAAAATCCC	-
chr20	36330554	36330574	testlib_AAAAAAAAAAAAAAAATCCC	-
chr21	31915050	31915070	testlib_AAAAAAAAAAAAAAAATCCC	-
chr21	36969577	36969597	testlib_AAAAAAAAAAAAAAAATCCC	-
chr21	21382513	21382533	testlib_AAAAAAAAAAAAAAAATCCC	-
chr21	37076690	37076710	testlib_AAAAAAAAAAAAAAAATCCC	-
chr22	46624854	46624874	testlib_AAAAAAAAAAAAAAAATCCC	-
chr22	22238897	22238917	testlib_AAAAAAAAAAAAAAAATCCC	-
chr22	49094760	49094780	testlib_AAAAAAAAAAAAAAAATCCC	-
chr22	40650103	40650123	testlib_AAAAAAAAAAAAAAAATCCC	-
chr22	12104422	12104442	testlib_AAAAAAAAAAAAAAAATCCC	-
chr3	15964117	15964137	testlib_AAAAAAAAAAAAAAAATCCC	-
chr3	25622635	25622655	testlib_AAAAAAAAAAAAAAAATCCC	-
chr3	26459755	26459775	testlib_AAAAAAAAAAAAAAAATCCC	-
chr3	48978252	48978272	testlib_AAAAAAAAAAAAAAAATCCC	-
chr3	55316924	55316944	testlib_AAAAAAAAAAAAAAAATCCC	-
chr3	55539922	55539942	testlib_AAAAAAAAAAAAAAAATCCC	-
chr3	57729768	57729788	testlib_AAAAAAAAAAAAAAAATCCC	-
chr3	64885400	64885420	testlib_AAAAAAAAAAAAAAAATCCC	-
chr3	70856647	70856667	testlib_AAAAAAAAAAAAAAAATCCC	-
chr3	71106769	71106789	testlib_AAAAAAAAAAAAAAAATCCC	-
chr3	94202343	94202363	testlib_AAAAAAAAAAAAAAAATCCC	-
chr3	183714193	183714213	testlib_AAAAAAAAAAAAAAAATCCC	-
chr3	182593663	182593683	testlib_AAAAAAAAAAAAAAAATCCC	-
chr3	170073877	170073897	testlib_AAAAAAAAAAAAAAAATCCC	-
chr3	154935412	154935432	testlib_AAAAAAAAAAAAAAAATCCC	-
chr3	149102969	149102989	testlib_AAAAAAAAAAAAAAAATCCC	-
chr4	188479099	188479119	testlib_AAAAAAAAAAAAAAAATCCC	-
chr4	112732242	112732262	testlib_AAAAAAAAAAAAAAAATCCC	-
chr4	77162372	77162392	testlib_AAAAAAAAAAAAAAAATCCC	-
chr4	182559123	182559143	testlib_AAAAAAAAAAAAAAAATCCC	-
chr4	167163162	167163182	testlib_AAAAAAAAAAAAAAAATCCC	-
chr4	23267717	23267737	testlib_AAAAAAAAAAAAAAAATCCC	-
chr4	147386110	147386130	testlib_AAAAAAAAAAAAAAAATCCC	-
chr4	40360428	40360448	testlib_AAAAAAAAAAAAAAAATCCC	-
chr4	27631634	27631654	testlib_AAAAAAAAAAAAAAAATCCC	-
chr4	16769599	16769619	testlib_AAAAAAAAAAAAAAAATCCC	-
chr4	56875354	56875374	testlib_AAAAAAAAAAAAAAAATCCC	-
chr4	15980602	15980622	testlib_AAAAAAAAAAAAAAAATCCC	-
chr4	140369853	140369873	testlib_AAAAAAAAAAAAAAAATCCC	-
chr4	136716217	136716237	testlib_AAAAAAAAAAAAAAAATCCC	-
chr4	73593015	73593035	testlib_AAAAAAAAAAAAAAAATCCC	-
chr4_GL000257v2_alt	51604	51624	testlib_AAAAAAAAAAAAAAAATCCC	-
chr4_KI270789v1_alt	137673	137693	testlib_AAAAAAAAAAAAAAAATCCC	-
chr5	179946550	179946570	testlib_AAAAAAAAAAAAAAAATCCC	-
chr5	177627644	177627664	testlib_AAAAAAAAAAAAAAAATCCC	-
chr5	170480472	170480492	testlib_AAAAAAAAAAAAAAAATCCC	-
chr5	154388684	154388704	testlib_AAAAAAAAAAAAAAAATCCC	-
chr5	152824545	152824565	testlib_AAAAAAAAAAAAAAAATCCC	-
chr5	119068138	119068158	testlib_AAAAAAAAAAAAAAAATCCC	-
chr5	117432227	117432247	testlib_AAAAAAAAAAAAAAAATCCC	-
chr5	117380686	117380706	testlib_AAAAAAAAAAAAAAAATCCC	-
chr5	106547289	106547309	testlib_AAAAAAAAAAAAAAAATCCC	-
chr5	419164	419184	testlib_AAAAAAAAAAAAAAAATCCC	-
chr5	96752558	96752578	testlib_AAAAAAAAAAAAAAAATCCC	-
chr5	45266700	45266720	testlib_AAAAAAAAAAAAAAAATCCC	-
chr5	41939830	41939850	testlib_AAAAAAAAAAAAAAAATCCC	-
chr5	39811654	39811674	testlib_AAAAAAAAAAAAAAAATCCC	-
chr5	36500360	36500380	testlib_AAAAAAAAAAAAAAAATCCC	-
chr5	6927393	6927413	testlib_AAAAAAAAAAAAAAAATCCC	-
chr6	7367274	7367294	testlib_AAAAAAAAAAAAAAAATCCC	-
chr6	12521443	12521463	testlib_AAAAAAAAAAAAAAAATCCC	-
chr6	12973912	12973932	testlib_AAAAAAAAAAAAAAAATCCC	-
chr6	15261780	15261800	testlib_AAAAAAAAAAAAAAAATCCC	-
chr6	36726798	36726818	testlib_AAAAAAAAAAAAAAAATCCC	-
chr6	37437210	37437230	testlib_AAAAAAAAAAAAAAAATCCC	-
chr6	45050874	45050894	testlib_AAAAAAAAAAAAAAAATCCC	-
chr6	46836789	46836809	testlib_AAAAAAAAAAAAAAAATCCC	-
chr6	46893054	46893074	testlib_AAAAAAAAAAAAAAAATCCC	-
chr6	47715979	47715999	testlib_AAAAAAAAAAAAAAAATCCC	-
chr6	70895491	70895511	testlib_AAAAAAAAAAAAAAAATCCC	-
chr6	163177706	163177726	testlib_AAAAAAAAAAAAAAAATCCC	-
chr6	162192438	162192458	testlib_AAAAAAAAAAAAAAAATCCC	-
chr6	157452686	157452706	testlib_AAAAAAAAAAAAAAAATCCC	-
chr6	147431199	147431219	testlib_AAAAAAAAAAAAAAAATCCC	-
chr6	138969855	138969875	testlib_AAAAAAAAAAAAAAAATCCC	-
chr6_GL000250v2_alt	1310556	1310576	testlib_AAAAAAAAAAAAAAAATCCC	-
chr6_GL000251v2_alt	1532235	1532255	testlib_AAAAAAAAAAAAAAAATCCC	-
chr6_GL000252v2_alt	1308380	1308400	testlib_AAAAAAAAAAAAAAAATCCC	-
chr6_GL000253v2_alt	1313238	1313258	testlib_AAAAAAAAAAAAAAAATCCC	-
chr6_GL000254v2_alt	1396562	1396582	testlib_AAAAAAAAAAAAAAAATCCC	-
chr6_GL000255v2_alt	1307615	1307635	testlib_AAAAAAAAAAAAAAAATCCC	-
chr6_GL000256v2_alt	1351389	1351409	testlib_AAAAAAAAAAAAAAAATCCC	-
chr7	152930667	152930687	testlib_AAAAAAAAAAAAAAAATCCC	-
chr7	150255238	150255258	testlib_AAAAAAAAAAAAAAAATCCC	-
chr7	139950033	139950053	testlib_AAAAAAAAAAAAAAAATCCC	-
chr7	139399445	139399465	testlib_AAAAAAAAAAAAAAAATCCC	-
chr7	132025560	132025580	testlib_AAAAAAAAAAAAAAAATCCC	-
chr7	120313737	120313757	testlib_AAAAAAAAAAAAAAAATCCC	-
chr7	5767598	5767618	testlib_AAAAAAAAAAAAAAAATCCC	-
chr7	81792525	81792545	testlib_AAAAAAAAAAAAAAAATCCC	-
chr7	56897449	56897469	testlib_AAAAAAAAAAAAAAAATCCC	-
chr7	33190114	33190134	testlib_AAAAAAAAAAAAAAAATCCC	-
chr7	100963283	100963303	testlib_AAAAAAAAAAAAAAAATCCC	-
chr7	32262001	32262021	testlib_AAAAAAAAAAAAAAAATCCC	-
chr7	28877831	28877851	testlib_AAAAAAAAAAAAAAAATCCC	-
chr7	21026107	21026127	testlib_AAAAAAAAAAAAAAAATCCC	-
chr7	11459661	11459681	testlib_AAAAAAAAAAAAAAAATCCC	-
chr7	17503684	17503704	testlib_AAAAAAAAAAAAAAAATCCC	-
chr8	140174997	140175017	testlib_AAAAAAAAAAAAAAAATCCC	-
chr8	112473717	112473737	testlib_AAAAAAAAAAAAAAAATCCC	-
chr8	97952912	97952932	testlib_AAAAAAAAAAAAAAAATCCC	-
chr8	3155355	3155375	testlib_AAAAAAAAAAAAAAAATCCC	-
chr8	94781052	94781072	testlib_AAAAAAAAAAAAAAAATCCC	-
chr8	4847773	4847793	testlib_AAAAAAAAAAAAAAAATCCC	-
chr8	84202363	84202383	testlib_AAAAAAAAAAAAAAAATCCC	-
chr8	7863209	7863229	testlib_AAAAAAAAAAAAAAAATCCC	-
chr8	83534534	83534554	testlib_AAAAAAAAAAAAAAAATCCC	-
chr8	59374024	59374044	testlib_AAAAAAAAAAAAAAAATCCC	-
chr8	54000754	54000774	testlib_AAAAAAAAAAAAAAAATCCC	-
chr8	74906011	74906031	testlib_AAAAAAAAAAAAAAAATCCC	-
chr8	27273312	27273332	testlib_AAAAAAAAAAAAAAAATCCC	-
chr8	22871548	22871568	testlib_AAAAAAAAAAAAAAAATCCC	-
chr8	25691277	25691297	testlib_AAAAAAAAAAAAAAAATCCC	-
chr8	25372997	25373017	testlib_AAAAAAAAAAAAAAAATCCC	-
chr9	130164618	130164638	testlib_AAAAAAAAAAAAAAAATCCC	-
chr9	129737334	129737354	testlib_AAAAAAAAAAAAAAAATCCC	-
chr9	6990544	6990564	testlib_AAAAAAAAAAAAAAAATCCC	-
chr9	72054910	72054930	testlib_AAAAAAAAAAAAAAAATCCC	-
chr9	82197873	82197893	testlib_AAAAAAAAAAAAAAAATCCC	-
chr9	110515292	110515312	testlib_AAAAAAAAAAAAAAAATCCC	-
chr9	121219255	121219275	testlib_AAAAAAAAAAAAAAAATCCC	-
chr9	94699417	94699437	testlib_AAAAAAAAAAAAAAAATCCC	-
chr9	125402725	125402745	testlib_AAAAAAAAAAAAAAAATCCC	-
chr9	77042613	77042633	testlib_AAAAAAAAAAAAAAAATCCC	-
chr9	119218742	119218762	testlib_AAAAAAAAAAAAAAAATCCC	-
chrUn_KI270743v1	74797	74817	testlib_AAAAAAAAAAAAAAAATCCC	-
chrX	155284250	155284270	testlib_AAAAAAAAAAAAAAAATCCC	-
chrX	154888376	154888396	testlib_AAAAAAAAAAAAAAAATCCC	-
chrX	146727977	146727997	testlib_AAAAAAAAAAAAAAAATCCC	-
chrX	119475572	119475592	testlib_AAAAAAAAAAAAAAAATCCC	-
chrX	100028405	100028425	testlib_AAAAAAAAAAAAAAAATCCC	-
chrX	141030892	141030912	testlib_AAAAAAAAAAAAAAAATCCC	-
chrX	130743469	130743489	testlib_AAAAAAAAAAAAAAAATCCC	-
chrX	123874690	123874710	testlib_AAAAAAAAAAAAAAAATCCC	-
chrX	99399522	99399542	testlib_AAAAAAAAAAAAAAAATCCC	-
chrX	91875273	91875293	testlib_AAAAAAAAAAAAAAAATCCC	-
chrX	53021254	53021274	testlib_AAAAAAAAAAAAAAAATCCC	-
chrX	31447256	31447276	testlib_AAAAAAAAAAAAAAAATCCC	-
chrX	23794019	23794039	testlib_AAAAAAAAAAAAAAAATCCC	-
chrX	19667808	19667828	testlib_AAAAAAAAAAAAAAAATCCC	-
chrX	44094764	44094784	testlib_AAAAAAAAAAAAAAAATCCC	-
chrX	43962265	43962285	testlib_AAAAAAAAAAAAAAAATCCC	-
chrY	16213817	16213837	testlib_AAAAAAAAAAAAAAAATCCC	-
chrY	5096684	5096704	testlib_AAAAAAAAAAAAAAAATCCC	-
chr17	31391911	31391934	testlib_ACACCTCGAACACCTCGCGCAGG	-
chr2	237351131	237351151	testlib_AACCGGTCCACTGGGAAGAA	-
chr2	96253989	96254009	testlib_CTTCGCCGTTAGCTTCTACC	-
chr2	99295613	99295633	testlib_TCAGCCACACTCACCCATCA	+
chr9	137031694	137031717	testlib_AAGCCTCGCAGCCTCCGGGTGGG	+
chr12	57048248	57048268	testlib_GAGCAGTGACTCCTCCACCA	+
chr19	3976703	3976723	testlib_GAACGCCTGGCCGCCCGTGT	+
chr11	73975596	73975616	testlib_CATCGCCTCCCCTGTAGACG	-
chr16	64998638	64998658	testlib_ACCTTGACAATGAATTCCGA	+
chr1	27945227	27945247	testlib_ATGTGCCAGAACTTCCCTGC	-
chr4	103719486	103719506	testlib_AGCCACAGGCAGTCCCAGCG	+
chr9	127873171	127873191	testlib_CTCCCTGACAGGAGCGCCAG	-
chr19	49645112	49645132	testlib_TTCTCCTTCTGCCTTTATCC	+
chr20	34559858	34559878	testlib_GGGAGGCGTAGACCATATAG	-
chr12	27475653	27475673	testlib_AGCTGATTACATAGACGGAA	+
chr3	131669664	131669684	testlib_GATTTCTGACCTTTAGCCGG	+
chrY	25987958	25987978	testlib_AGGTTATCTTCACAGTGCCT	+
chrY	22513959	22513979	testlib_AGGTTATCTTCACAGTGCCT	+
chrY	23682097	23682117	testlib_AGGTTATCTTCACAGTGCCT	-
chrY	22072413	22072433	testlib_AGGTTATCTTCACAGTGCCT	-
chr2	48346621	48346641	testlib_AGAAATTTATAGCTGGATTC	+
chr1	77063046	77063066	testlib_CTCCCATGAGCGAGGACGCA	+
chr5	218381	218401	testlib_GCTGCTGAGCGCTCGGCGCC	+
chr1	16022702	16022725	testlib_TCTCACCTTGGATGGCTCGGCGG	-
chr8	143929512	143929532	testlib_CAGCCGGATGTCTTTGAGCT	+
chr16	1918179	1918199	testlib_GGGGAGGGCGCAGAGGCAGT	+
chr16_KI270856v1_alt	48309	48329	testlib_GGGGAGGGCGCAGAGGCAGT	+
chr13	98977823	98977843	testlib_GCTGCATCCTTGTATTGCAG	+
chr1	156065997	156066017	testlib_GGAGAACTCAACCCCGATGG	-
chr17	48997905	48997925	testlib_CTTACCGGAGAAAGTTTCGA	-
chr14	99603227	99603247	testlib_GCAAGGCAGGAGCCACACGT	-
chr11	46896919	46896939	testlib_CATCACAGCGCCAGGACAGG	+
chr1	224433935	224433955	testlib_GGGGACCTGGCCCACGCCAA	-
chr17	5182171	5182191	testlib_AAGGAGGGAACGCCGCCTGA	+
chr2	240758453	240758473	testlib_GATGTACGACCGCGCTGCAG	-
chr9	112332810	112332830	testlib_GGGGAGAGAGAAAGGTGAGG	+
chr9	122093302	122093322	testlib_GCAGTCACCGCATCGAGACG	+
