ID	sgRNA	Original_symbol	seqnames	guideBegin	guideFinal	strand	assembly	start	end	width	Symbol	exome	Ensembl_gene_ID	NCBI_gene_ID	HGNC_ID
testlib_ATAACGACAAAGACCGAGAA	ATAACGACAAAGACCGAGAA	Hqmyazd5	chr1	231347839	231347859	+	data/hg38.2020-09-22.2bit	231347855	231347856	2	SPRTN	data/hg38.refseq.exons.tsv.gz	ENSG00000010072	83932	HGNC:25356
testlib_TCTTATGCTACAGTATACAA	TCTTATGCTACAGTATACAA	Drwoqbf0	chr7	90747743	90747763	+	data/hg38.2020-09-22.2bit	90747759	90747760	2	CDK14	data/hg38.refseq.exons.tsv.gz	ENSG00000058091	5218	HGNC:8883
testlib_GTCATAATGTACCTGTACTA	GTCATAATGTACCTGTACTA	Otjwkad	chr1	43364396	43364416	-	data/hg38.2020-09-22.2bit	43364399	43364400	2	ELOVL1	data/hg38.refseq.exons.tsv.gz	ENSG00000066322	64834	HGNC:14418
testlib_CTGGATCACCGGCGATGTCG	CTGGATCACCGGCGATGTCG	Hqmyazd5	chr10	45382637	45382657	+	data/hg38.2020-09-22.2bit	45382653	45382654	2	ALOX5	data/hg38.refseq.exons.tsv.gz	ENSG00000012779	240	HGNC:435
testlib_CTGGATCACCGGCGATGTCG	CTGGATCACCGGCGATGTCG	Hqmyazd5	chr10_GL383546v1_alt	223468	223488	+	data/hg38.2020-09-22.2bit	223484	223485	2	ALOX5	data/hg38.refseq.exons.tsv.gz	ENSG00000012779	240	HGNC:435
testlib_CCGGCGATGTGGCGTCTGTG	CCGGCGATGTGGCGTCTGTG	Hqmyazd5	chr19	10154294	10154314	-	data/hg38.2020-09-22.2bit	10154297	10154298	2	DNMT1	data/hg38.refseq.exons.tsv.gz	ENSG00000130816	1786	HGNC:2976
testlib_CCACCTCATAGACAATGTAG	CCACCTCATAGACAATGTAG	Mbafz6	chr1	43365181	43365201	+	data/hg38.2020-09-22.2bit	43365197	43365198	2	ELOVL1	data/hg38.refseq.exons.tsv.gz	ENSG00000066322	64834	HGNC:14418
testlib_CAGATGTGTTCGCAGAAGGT	CAGATGTGTTCGCAGAAGGT	Mbafz6	chr10	45440550	45440570	-	data/hg38.2020-09-22.2bit	45440553	45440554	2	ALOX5	data/hg38.refseq.exons.tsv.gz	ENSG00000012779	240	HGNC:435
testlib_CAGATGTGTTCGCAGAAGGT	CAGATGTGTTCGCAGAAGGT	Mbafz6	chr10_GL383546v1_alt	281381	281401	-	data/hg38.2020-09-22.2bit	281384	281385	2	ALOX5	data/hg38.refseq.exons.tsv.gz	ENSG00000012779	240	HGNC:435
testlib_CCAACGAAGTGGTTACCTTG	CCAACGAAGTGGTTACCTTG	Hcbp	chr7	90955735	90955755	+	data/hg38.2020-09-22.2bit	90955751	90955752	2	CDK14	data/hg38.refseq.exons.tsv.gz	ENSG00000058091	5218	HGNC:8883
testlib_TTGACATAGCCGTAATACGG	TTGACATAGCCGTAATACGG	Otjwkad	chr1	231351384	231351404	-	data/hg38.2020-09-22.2bit	231351387	231351388	2	SPRTN	data/hg38.refseq.exons.tsv.gz	ENSG00000010072	83932	HGNC:25356
testlib_GGATTCATACGACGTGACTG	GGATTCATACGACGTGACTG	Drwoqbf0	chr10	45382484	45382504	+	data/hg38.2020-09-22.2bit	45382500	45382501	2	ALOX5	data/hg38.refseq.exons.tsv.gz	ENSG00000012779	240	HGNC:435
testlib_GGATTCATACGACGTGACTG	GGATTCATACGACGTGACTG	Drwoqbf0	chr10_GL383546v1_alt	223315	223335	+	data/hg38.2020-09-22.2bit	223331	223332	2	ALOX5	data/hg38.refseq.exons.tsv.gz	ENSG00000012779	240	HGNC:435
testlib_TGATGGGTCCATGATAACCG	TGATGGGTCCATGATAACCG	Mbafz6	chr17	37191122	37191142	+	data/hg38.2020-09-22.2bit	37191138	37191139	2	ACACA	data/hg38.refseq.exons.tsv.gz	ENSG00000278540	31	HGNC:84
testlib_TGATGGGTCCATGATAACCG	TGATGGGTCCATGATAACCG	Mbafz6	chr17_KI270857v1_alt	1427128	1427148	+	data/hg38.2020-09-22.2bit	1427144	1427145	2	ACACA	data/hg38.refseq.exons.tsv.gz	ENSG00000278540	31	HGNC:84
testlib_GATGTACATCGGCTGAGTGA	GATGTACATCGGCTGAGTGA	Otjwkad	chr17	37248076	37248096	-	data/hg38.2020-09-22.2bit	37248079	37248080	2	ACACA	data/hg38.refseq.exons.tsv.gz	ENSG00000278540	31	HGNC:84
testlib_GATGTACATCGGCTGAGTGA	GATGTACATCGGCTGAGTGA	Otjwkad	chr17_KI270857v1_alt	1484065	1484085	-	data/hg38.2020-09-22.2bit	1484068	1484069	2	ACACA	data/hg38.refseq.exons.tsv.gz	ENSG00000278540	31	HGNC:84
testlib_CCGGATCCCATGGTCAACCA	CCGGATCCCATGGTCAACCA	Drwoqbf0	chr17	37200453	37200473	+	data/hg38.2020-09-22.2bit	37200469	37200470	2	ACACA	data/hg38.refseq.exons.tsv.gz	ENSG00000278540	31	HGNC:84
testlib_CCGGATCCCATGGTCAACCA	CCGGATCCCATGGTCAACCA	Drwoqbf0	chr17_KI270857v1_alt	1436461	1436481	+	data/hg38.2020-09-22.2bit	1436477	1436478	2	ACACA	data/hg38.refseq.exons.tsv.gz	ENSG00000278540	31	HGNC:84
testlib_AAGGAGCCAACATAACAGAT	AAGGAGCCAACATAACAGAT	Hcbp	chr17	43094569	43094589	-	data/hg38.2020-09-22.2bit	43094572	43094573	2	BRCA1	data/hg38.refseq.exons.tsv.gz	ENSG00000012048	672	HGNC:1100
testlib_GCAAAGAGTCACCTAAAGTT	GCAAAGAGTCACCTAAAGTT	Hqmyazd5	chr7	90726768	90726788	+	data/hg38.2020-09-22.2bit	90726784	90726785	2	CDK14	data/hg38.refseq.exons.tsv.gz	ENSG00000058091	5218	HGNC:8883
testlib_GGACTCAGTGATCAAACCCC	GGACTCAGTGATCAAACCCC	Otjwkad	chr7	90726607	90726627	+	data/hg38.2020-09-22.2bit	90726623	90726624	2	CDK14	data/hg38.refseq.exons.tsv.gz	ENSG00000058091	5218	HGNC:8883
testlib_TAGAGCGGGTCATGAATCAC	TAGAGCGGGTCATGAATCAC	Hqmyazd5	chr10	45424956	45424976	+	data/hg38.2020-09-22.2bit	45424972	45424973	2	ALOX5	data/hg38.refseq.exons.tsv.gz	ENSG00000012779	240	HGNC:435
testlib_TAGAGCGGGTCATGAATCAC	TAGAGCGGGTCATGAATCAC	Hqmyazd5	chr10_GL383546v1_alt	265787	265807	+	data/hg38.2020-09-22.2bit	265803	265804	2	ALOX5	data/hg38.refseq.exons.tsv.gz	ENSG00000012779	240	HGNC:435
testlib_GCCAAGAAAGGATCTTGTAG	GCCAAGAAAGGATCTTGTAG	Hcbp	chr1	231339846	231339866	+	data/hg38.2020-09-22.2bit	231339862	231339863	2	SPRTN	data/hg38.refseq.exons.tsv.gz	ENSG00000010072	83932	HGNC:25356
testlib_CACATCCCTGACCCAACCTG	CACATCCCTGACCCAACCTG	Otjwkad	chr1	26763184	26763204	-	data/hg38.2020-09-22.2bit	26763187	26763188	2	ARID1A	data/hg38.refseq.exons.tsv.gz	ENSG00000117713	8289	HGNC:11110
testlib_GCGACACGCGCAGTTTGTGG	GCGACACGCGCAGTTTGTGG	Hcbp	chr19	10154697	10154717	-	data/hg38.2020-09-22.2bit	10154700	10154701	2	DNMT1	data/hg38.refseq.exons.tsv.gz	ENSG00000130816	1786	HGNC:2976
testlib_TGCGACCGCAACCTGGCCAT	TGCGACCGCAACCTGGCCAT	Hcbp	chr20	5119595	5119615	-	data/hg38.2020-09-22.2bit	5119598	5119599	2	PCNA	data/hg38.refseq.exons.tsv.gz	ENSG00000132646	5111	HGNC:8729
testlib_TGCGACCGCAACCTGGCCAT	TGCGACCGCAACCTGGCCAT	Hcbp	chr20	5119595	5119615	-	data/hg38.2020-09-22.2bit	5119598	5119599	2	PCNA-AS1	data/hg38.refseq.exons.tsv.gz	X	X	X
testlib_TTGGCAGATAAACCCAACAG	TTGGCAGATAAACCCAACAG	Otjwkad	chr1	231352602	231352622	+	data/hg38.2020-09-22.2bit	231352618	231352619	2	SPRTN	data/hg38.refseq.exons.tsv.gz	ENSG00000010072	83932	HGNC:25356
