seqnames	start	end	width	strand	Symbol	ID	assembly	exome
chr20	419574	419575	2	-	RBCK1	crispieRLib_TGTTGATGAAGGTGCACCCG	data/hg38.2020-09-22.2bit	data/hg38.refseq.exons.tsv.gz
chr1	79005071	79005072	2	-	ADGRL4	crispieRLib_ATGGTGTCACAATTTGTGA	data/hg38.2020-09-22.2bit	data/hg38.refseq.exons.tsv.gz
chr9	96938537	96938538	2	+	NUTM2G	crispieRLib_GGAAACCTCCCCACCCCAGA	data/hg38.2020-09-22.2bit	data/hg38.refseq.exons.tsv.gz
chr1	197191761	197191762	2	-	ZBTB41	crispieRLib_GAAACAGAATTTCATAAGA	data/hg38.2020-09-22.2bit	data/hg38.refseq.exons.tsv.gz
chr11	592564	592565	2	+	PHRF1	crispieRLib_GATTCTGTCCTAGATCCCAG	data/hg38.2020-09-22.2bit	data/hg38.refseq.exons.tsv.gz
chr11_KI270832v1_alt	122460	122461	2	+	PHRF1	crispieRLib_GATTCTGTCCTAGATCCCAG	data/hg38.2020-09-22.2bit	data/hg38.refseq.exons.tsv.gz
chr17	35750097	35750098	2	+	GAS2L2	crispieRLib_TCTGGTCCAGGTTGCGGAAG	data/hg38.2020-09-22.2bit	data/hg38.refseq.exons.tsv.gz
chr2	55679683	55679684	2	-	PNPT1	crispieRLib_GAGCACCTAAAAGTCAGAT	data/hg38.2020-09-22.2bit	data/hg38.refseq.exons.tsv.gz
chrX	155298858	155298859	2	+	CLIC2	crispieRLib_TCAACTCCTTGTTATACACC	data/hg38.2020-09-22.2bit	data/hg38.refseq.exons.tsv.gz
chr16	3313120	3313121	2	+	ZNF75A	crispieRLib_GTTATTGGATCCCACTCAGA	data/hg38.2020-09-22.2bit	data/hg38.refseq.exons.tsv.gz
chr7	151814570	151814571	2	+	PRKAG2	crispieRLib_GAAAGGTCCATCAGAGAAG	data/hg38.2020-09-22.2bit	data/hg38.refseq.exons.tsv.gz
chr17	59651234	59651235	2	+	CLTC	crispieRLib_AAGTTGGCACACCACCTACA	data/hg38.2020-09-22.2bit	data/hg38.refseq.exons.tsv.gz
chr9	14306990	14306991	2	-	NFIB	crispieRLib_GCATACTACGTGCAGGAGCA	data/hg38.2020-09-22.2bit	data/hg38.refseq.exons.tsv.gz
chr7	102457736	102457737	2	+	ALKBH4	crispieRLib_CGACACATGGACAGCACGG	data/hg38.2020-09-22.2bit	data/hg38.refseq.exons.tsv.gz
chr4	107656994	107656995	2	-	PAPSS1	crispieRLib_TTACTAGGTGGATATGCAGT	data/hg38.2020-09-22.2bit	data/hg38.refseq.exons.tsv.gz
chr1	160190840	160190841	2	+	CASQ1	crispieRLib_TGCTAGGGACACCCAAGTCA	data/hg38.2020-09-22.2bit	data/hg38.refseq.exons.tsv.gz
chr1	173598011	173598012	2	+	SLC9C2	crispieRLib_AACTTGATGTTCTTAGAAGA	data/hg38.2020-09-22.2bit	data/hg38.refseq.exons.tsv.gz
chr12	12181327	12181328	2	+	LRP6	crispieRLib_AGGATCGTAATCTATGGCAA	data/hg38.2020-09-22.2bit	data/hg38.refseq.exons.tsv.gz
chr12	48329819	48329820	2	+	H1-7	crispieRLib_AGTGTGGAGACGGAACGCGA	data/hg38.2020-09-22.2bit	data/hg38.refseq.exons.tsv.gz
chr1	25246826	25246827	2	+	RSRP1	crispieRLib_CGGCTCGAGACGCGGGAAT	data/hg38.2020-09-22.2bit	data/hg38.refseq.exons.tsv.gz
chr9	34648449	34648450	2	+	GALT	crispieRLib_ACAGCCGCCAGGAGCTACTC	data/hg38.2020-09-22.2bit	data/hg38.refseq.exons.tsv.gz
chr19	15244594	15244595	2	+	BRD4	crispieRLib_TCTGCTGATGGTGGTGATGA	data/hg38.2020-09-22.2bit	data/hg38.refseq.exons.tsv.gz
chr6_GL000251v2_alt	4011295	4011296	2	-	HLA-DRB1	crispieRLib_AGTTCTGACAGTGACACTGA	data/hg38.2020-09-22.2bit	data/hg38.refseq.exons.tsv.gz
chr6_GL000255v2_alt	3792264	3792265	2	-	HLA-DRB1	crispieRLib_AGTTCTGACAGTGACACTGA	data/hg38.2020-09-22.2bit	data/hg38.refseq.exons.tsv.gz
chr1	222569631	222569632	2	-	TAF1A	crispieRLib_GGATCGAGATGGAGCCCAAG	data/hg38.2020-09-22.2bit	data/hg38.refseq.exons.tsv.gz
chr10	1000950	1000951	2	-	GTPBP4	crispieRLib_TGTTGGCTACAACTATGAG	data/hg38.2020-09-22.2bit	data/hg38.refseq.exons.tsv.gz
chrX	48917792	48917793	2	-	PIM2	crispieRLib_CCCGGAATCGTGTGCTGGGC	data/hg38.2020-09-22.2bit	data/hg38.refseq.exons.tsv.gz
chr1	209762650	209762651	2	-	TRAF3IP3	crispieRLib_GCTCTTACCACGGTGGTGTT	data/hg38.2020-09-22.2bit	data/hg38.refseq.exons.tsv.gz
chr16	23629943	23629944	2	-	PALB2	crispieRLib_TTAGGTACTACTCCAGCCTT	data/hg38.2020-09-22.2bit	data/hg38.refseq.exons.tsv.gz
chr2	68174772	68174773	2	+	PNO1	crispieRLib_TATGGCAATATTCGAGCTG	data/hg38.2020-09-22.2bit	data/hg38.refseq.exons.tsv.gz
chr12	49272877	49272878	2	-	TUBA1C	crispieRLib_GGTACGCTTGGTTTTGATGG	data/hg38.2020-09-22.2bit	data/hg38.refseq.exons.tsv.gz
chr1	204151752	204151753	2	-	ETNK2	crispieRLib_GGGCATGGAGGAGAAGGCGG	data/hg38.2020-09-22.2bit	data/hg38.refseq.exons.tsv.gz
chr11	89970312	89970313	2	+	TRIM64	crispieRLib_GATGCCTATATTTCTCGATGAGG	data/hg38.2020-09-22.2bit	data/hg38.refseq.exons.tsv.gz
chr11	89874209	89874210	2	-	TRIM64B	crispieRLib_GATGCCTATATTTCTCGATGAGG	data/hg38.2020-09-22.2bit	data/hg38.refseq.exons.tsv.gz
chr10	100296184	100296185	2	+	PKD2L1	crispieRLib_ACTGTGTCTGCCAGAAGGCG	data/hg38.2020-09-22.2bit	data/hg38.refseq.exons.tsv.gz
chr11	63671297	63671298	2	-	ATL3	crispieRLib_GTGGCAGCAGCTGCCTCAAG	data/hg38.2020-09-22.2bit	data/hg38.refseq.exons.tsv.gz
chr12	11133407	11133408	2	+	TAS2R30	crispieRLib_GCTTCTTGTTTCCCAAAATC	data/hg38.2020-09-22.2bit	data/hg38.refseq.exons.tsv.gz
chr12_GL877876v1_alt	364061	364062	2	+	TAS2R30	crispieRLib_GCTTCTTGTTTCCCAAAATC	data/hg38.2020-09-22.2bit	data/hg38.refseq.exons.tsv.gz
chr12_KI270904v1_alt	328441	328442	2	+	TAS2R30	crispieRLib_GCTTCTTGTTTCCCAAAATC	data/hg38.2020-09-22.2bit	data/hg38.refseq.exons.tsv.gz
chr11	26692507	26692508	2	-	SLC5A12	crispieRLib_TCTCCGACAAGCTGAGCACC	data/hg38.2020-09-22.2bit	data/hg38.refseq.exons.tsv.gz
chr16	2831954	2831955	2	-	ZG16B	crispieRLib_CTTCCCAAAATAGAAATAG	data/hg38.2020-09-22.2bit	data/hg38.refseq.exons.tsv.gz
chr8	41987490	41987491	2	-	KAT6A	crispieRLib_AACCGAGAAAAGAAGCCAG	data/hg38.2020-09-22.2bit	data/hg38.refseq.exons.tsv.gz
chr11	233401	233402	2	-	SIRT3	crispieRLib_TTCGGGCCAGAGCCTGCCAG	data/hg38.2020-09-22.2bit	data/hg38.refseq.exons.tsv.gz
chr1	156115144	156115145	2	-	LMNA	crispieRLib_CTCGTAGGCGGCCTTGATGC	data/hg38.2020-09-22.2bit	data/hg38.refseq.exons.tsv.gz
chr13	25170612	25170613	2	-	AMER2	crispieRLib_GTCCCCCTTGTCGACTCCGA	data/hg38.2020-09-22.2bit	data/hg38.refseq.exons.tsv.gz
chr7	64888747	64888748	2	-	ZNF273	crispieRLib_GCGTTTCTATCCGGCTCTGC	data/hg38.2020-09-22.2bit	data/hg38.refseq.exons.tsv.gz
chr7	64888747	64888748	2	-	LOC441239	crispieRLib_GCGTTTCTATCCGGCTCTGC	data/hg38.2020-09-22.2bit	data/hg38.refseq.exons.tsv.gz
chr19	37363270	37363271	2	+	ZNF875	crispieRLib_AACACCAGAGGTCACACACG	data/hg38.2020-09-22.2bit	data/hg38.refseq.exons.tsv.gz
chr19	50856272	50856273	2	+	KLK3	crispieRLib_ATCCTGTCTCGGATTGTGGG	data/hg38.2020-09-22.2bit	data/hg38.refseq.exons.tsv.gz
chr2	47416314	47416315	2	-	MSH2	crispieRLib_AGCCAGAGACTGAGAGCCAG	data/hg38.2020-09-22.2bit	data/hg38.refseq.exons.tsv.gz
chr6	96976020	96976021	2	+	KLHL32	crispieRLib_AAGAAATGCTGACAGGCCAG	data/hg38.2020-09-22.2bit	data/hg38.refseq.exons.tsv.gz
chr19	39515457	39515458	2	-	SELENOV	crispieRLib_CAGGAGGCGGAACCAGACGG	data/hg38.2020-09-22.2bit	data/hg38.refseq.exons.tsv.gz
chr22	44802133	44802134	2	-	PRR5-ARHGAP8	crispieRLib_CTGGTGGTCCAGCTCGTGGG	data/hg38.2020-09-22.2bit	data/hg38.refseq.exons.tsv.gz
chr22	44802133	44802134	2	-	ARHGAP8	crispieRLib_CTGGTGGTCCAGCTCGTGGG	data/hg38.2020-09-22.2bit	data/hg38.refseq.exons.tsv.gz
chr4	186534465	186534466	2	-	MTNR1A	crispieRLib_GTCGATATTTAACAACGGG	data/hg38.2020-09-22.2bit	data/hg38.refseq.exons.tsv.gz
chr18	33742947	33742948	2	-	ASXL3	crispieRLib_TAGTGGATGCTCGAGACTC	data/hg38.2020-09-22.2bit	data/hg38.refseq.exons.tsv.gz
chr22	24233921	24233922	2	-	GGT5	crispieRLib_CGTCGTCAACCCTCAGAGCA	data/hg38.2020-09-22.2bit	data/hg38.refseq.exons.tsv.gz
chr12	27780979	27780980	2	-	KLHL42	crispieRLib_TCGTACCTGAGCATGGACG	data/hg38.2020-09-22.2bit	data/hg38.refseq.exons.tsv.gz
chr14	70052027	70052028	2	+	SLC8A3	crispieRLib_TCAATGATGACTTCTAGTTT	data/hg38.2020-09-22.2bit	data/hg38.refseq.exons.tsv.gz
chr8_KI270817v1_alt	11604	11605	2	-	LY6E	crispieRLib_GAGAAGCACATCAGCGAGC	data/hg38.2020-09-22.2bit	data/hg38.refseq.exons.tsv.gz
chr15	43475585	43475586	2	+	TP53BP1	crispieRLib_GGAAAGACTGTCCTGAACAA	data/hg38.2020-09-22.2bit	data/hg38.refseq.exons.tsv.gz
chr17	39710350	39710351	2	-	ERBB2	crispieRLib_AGATGCCACTGTGGTTGAAG	data/hg38.2020-09-22.2bit	data/hg38.refseq.exons.tsv.gz
chr19	40348468	40348469	2	-	C19orf47	crispieRLib_GGCGGCCTGTTGGGGTAGAG	data/hg38.2020-09-22.2bit	data/hg38.refseq.exons.tsv.gz
chr4	25333967	25333968	2	-	ZCCHC4	crispieRLib_GAAAATCAATATCCAATAAA	data/hg38.2020-09-22.2bit	data/hg38.refseq.exons.tsv.gz
chr12	14774550	14774551	2	-	H2AJ	crispieRLib_GTCTGTGCACTCGGCCCACC	data/hg38.2020-09-22.2bit	data/hg38.refseq.exons.tsv.gz
chr13	27792732	27792733	2	+	GSX1	crispieRLib_CTCGCTAGTGCTGCGCGAGG	data/hg38.2020-09-22.2bit	data/hg38.refseq.exons.tsv.gz
chr4	10564710	10564711	2	+	CLNK	crispieRLib_GTTCCAGGTCGGCTGTCCAA	data/hg38.2020-09-22.2bit	data/hg38.refseq.exons.tsv.gz
chr22	46288573	46288574	2	+	TTC38	crispieRLib_GGAGCTGCTGACCACCCTG	data/hg38.2020-09-22.2bit	data/hg38.refseq.exons.tsv.gz
chr6	52084922	52084923	2	+	PKHD1	crispieRLib_ACTCATCAGAGAGATCAGCC	data/hg38.2020-09-22.2bit	data/hg38.refseq.exons.tsv.gz
chr12	4536100	4536101	2	+	C12orf4	crispieRLib_TCTTGAACAGGAAATTTGAG	data/hg38.2020-09-22.2bit	data/hg38.refseq.exons.tsv.gz
chr13	110174650	110174651	2	-	COL4A1	crispieRLib_CAGGGTCCCCAGGCCTTAAA	data/hg38.2020-09-22.2bit	data/hg38.refseq.exons.tsv.gz
chr20	25213403	25213404	2	+	ENTPD6	crispieRLib_GGCCCAGAAGTTACTGCAGA	data/hg38.2020-09-22.2bit	data/hg38.refseq.exons.tsv.gz
chr22	43862286	43862287	2	+	SULT4A1	crispieRLib_CGATCTCCTCCATCTTCCCG	data/hg38.2020-09-22.2bit	data/hg38.refseq.exons.tsv.gz
chr11	4640700	4640701	2	+	OR51D1	crispieRLib_GTAGTCAACCCCCTTGTCTA	data/hg38.2020-09-22.2bit	data/hg38.refseq.exons.tsv.gz
chr5	75685435	75685436	2	-	POC5	crispieRLib_GAGTATGGTCCTGGTGTTCA	data/hg38.2020-09-22.2bit	data/hg38.refseq.exons.tsv.gz
chr7	122554552	122554553	2	-	CADPS2	crispieRLib_CAGCACATATGAAGCATAG	data/hg38.2020-09-22.2bit	data/hg38.refseq.exons.tsv.gz
chr1	43167211	43167212	2	-	EBNA1BP2	crispieRLib_AAACGGAGGTTCTTCAGAAG	data/hg38.2020-09-22.2bit	data/hg38.refseq.exons.tsv.gz
chr4	105233969	105233970	2	+	TET2	crispieRLib_GGATAGAACCAACCATGTTG	data/hg38.2020-09-22.2bit	data/hg38.refseq.exons.tsv.gz
chr11	17075176	17075177	2	+	RPS13	crispieRLib_GGCTCTCTATTAGAATCAGA	data/hg38.2020-09-22.2bit	data/hg38.refseq.exons.tsv.gz
chr5	142314296	142314297	2	-	SPRY4	crispieRLib_TACGACCGTCTGCGCCGCCC	data/hg38.2020-09-22.2bit	data/hg38.refseq.exons.tsv.gz
chr6	43132090	43132091	2	+	PTK7	crispieRLib_GGTCCGGCCACGCAATGCA	data/hg38.2020-09-22.2bit	data/hg38.refseq.exons.tsv.gz
chr19	16578396	16578397	2	-	LOC105372295	crispieRLib_ATTTCCACAGATCCGGAACATGG	data/hg38.2020-09-22.2bit	data/hg38.refseq.exons.tsv.gz
chr19	16578396	16578397	2	-	MED26	crispieRLib_ATTTCCACAGATCCGGAACATGG	data/hg38.2020-09-22.2bit	data/hg38.refseq.exons.tsv.gz
chr3	116716205	116716206	2	+	TUSC7	crispieRLib_GAAGGCACCTCAAATAAAGG	data/hg38.2020-09-22.2bit	data/hg38.refseq.exons.tsv.gz
chr1	110016727	110016728	2	+	AHCYL1	crispieRLib_GGTGGTGTGTGGCTATGGTG	data/hg38.2020-09-22.2bit	data/hg38.refseq.exons.tsv.gz
chr2	168877348	168877349	2	-	SPC25	crispieRLib_AAGCTCATTCAAGAAAAAA	data/hg38.2020-09-22.2bit	data/hg38.refseq.exons.tsv.gz
chr2_GL383522v1_alt	63975	63976	2	-	SPC25	crispieRLib_AAGCTCATTCAAGAAAAAA	data/hg38.2020-09-22.2bit	data/hg38.refseq.exons.tsv.gz
chr10	96357076	96357077	2	-	OPALIN	crispieRLib_GTTAGGTCCCTTGAGCAAG	data/hg38.2020-09-22.2bit	data/hg38.refseq.exons.tsv.gz
chr1	248388520	248388521	2	+	OR2T6	crispieRLib_GGGTGCCTTGAAGAGAGTTG	data/hg38.2020-09-22.2bit	data/hg38.refseq.exons.tsv.gz
chr1_KI270761v1_alt	36835	36836	2	+	OR2T6	crispieRLib_GGGTGCCTTGAAGAGAGTTG	data/hg38.2020-09-22.2bit	data/hg38.refseq.exons.tsv.gz
chr1_KI270892v1_alt	36834	36835	2	+	OR2T6	crispieRLib_GGGTGCCTTGAAGAGAGTTG	data/hg38.2020-09-22.2bit	data/hg38.refseq.exons.tsv.gz
chr16	18784780	18784781	2	-	RPS15A	crispieRLib_TGACGTGCAACTCAAAGACC	data/hg38.2020-09-22.2bit	data/hg38.refseq.exons.tsv.gz
chr12	79296134	79296135	2	-	SYT1	crispieRLib_GCAGAAACACTTTCACGTA	data/hg38.2020-09-22.2bit	data/hg38.refseq.exons.tsv.gz
chr16	3608594	3608595	2	-	SLX4	crispieRLib_CCCTAGGACTAAAAAGCAAA	data/hg38.2020-09-22.2bit	data/hg38.refseq.exons.tsv.gz
chr9	135939674	135939675	2	-	UBAC1	crispieRLib_CAACAACCAGCAGAATGCCG	data/hg38.2020-09-22.2bit	data/hg38.refseq.exons.tsv.gz
chr6	18258033	18258034	2	-	DEK	crispieRLib_AGAAACTTTGTGAAATTGAG	data/hg38.2020-09-22.2bit	data/hg38.refseq.exons.tsv.gz
chr22	21000766	21000767	2	-	THAP7	crispieRLib_GGATATCACAGGCTAAAGGA	data/hg38.2020-09-22.2bit	data/hg38.refseq.exons.tsv.gz
chr6	10764577	10764578	2	-	MAK	crispieRLib_GAACACAAAAACTGGTCGG	data/hg38.2020-09-22.2bit	data/hg38.refseq.exons.tsv.gz
chr7	123953785	123953786	2	-	SPAM1	crispieRLib_GGCTTCCTATGAAAGAGAAG	data/hg38.2020-09-22.2bit	data/hg38.refseq.exons.tsv.gz
chr22	50506481	50506482	2	-	LMF2	crispieRLib_GACTCCCTGCTGCTAGAGAC	data/hg38.2020-09-22.2bit	data/hg38.refseq.exons.tsv.gz
chr5	160232120	160232121	2	+	FABP6	crispieRLib_CTCCAGCGATGTAATCGAAA	data/hg38.2020-09-22.2bit	data/hg38.refseq.exons.tsv.gz
chr20	46013277	46013278	2	-	MMP9	crispieRLib_GTGGTGGTGGTTGGAGGCCG	data/hg38.2020-09-22.2bit	data/hg38.refseq.exons.tsv.gz
chr1	154772376	154772377	2	-	KCNN3	crispieRLib_CAGCTCTTCGTGATCGACAA	data/hg38.2020-09-22.2bit	data/hg38.refseq.exons.tsv.gz
chr11	27125701	27125702	2	+	BBOX1	crispieRLib_TCAACTTCAATAACGCAACT	data/hg38.2020-09-22.2bit	data/hg38.refseq.exons.tsv.gz
chr2	219574826	219574827	2	-	INHA	crispieRLib_CCTGCCTGTCCAGCCCGGTG	data/hg38.2020-09-22.2bit	data/hg38.refseq.exons.tsv.gz
chr2	6863570	6863571	2	+	CMPK2	crispieRLib_CCGGGCTTCAGGAATAAAGG	data/hg38.2020-09-22.2bit	data/hg38.refseq.exons.tsv.gz
chr3	37513784	37513785	2	-	ITGA9	crispieRLib_AGGTCAACTGCGCACAAGG	data/hg38.2020-09-22.2bit	data/hg38.refseq.exons.tsv.gz
chr20	37147875	37147876	2	-	MROH8	crispieRLib_CCAAAGACTTGGACACCTAG	data/hg38.2020-09-22.2bit	data/hg38.refseq.exons.tsv.gz
chr1	202128481	202128482	2	+	GPR37L1	crispieRLib_GGACAACAAGCTCAAGACCG	data/hg38.2020-09-22.2bit	data/hg38.refseq.exons.tsv.gz
chr2	219224545	219224546	2	-	ATG9A	crispieRLib_TCAAGGCCGAGTACAAACGT	data/hg38.2020-09-22.2bit	data/hg38.refseq.exons.tsv.gz
chr1	1539697	1539698	2	+	TMEM240	crispieRLib_CTCACCGGCCACAGTTGCAG	data/hg38.2020-09-22.2bit	data/hg38.refseq.exons.tsv.gz
chr19	43738141	43738142	2	+	SMG9	crispieRLib_GCATTTCAACGTAAGTGTG	data/hg38.2020-09-22.2bit	data/hg38.refseq.exons.tsv.gz
chr6	134939352	134939353	2	-	ALDH8A1	crispieRLib_TGGAAGATAGCTCCAGCGA	data/hg38.2020-09-22.2bit	data/hg38.refseq.exons.tsv.gz
chr5	139426213	139426214	2	+	DNAJC18	crispieRLib_AAGACGTTGAACAGCTCTTC	data/hg38.2020-09-22.2bit	data/hg38.refseq.exons.tsv.gz
chr11	536700	536701	2	+	LRRC56	crispieRLib_AATCGCTGGAACCCGGGAGG	data/hg38.2020-09-22.2bit	data/hg38.refseq.exons.tsv.gz
chr12	133015283	133015284	2	+	ZNF26	crispieRLib_AATCGCTGGAACCCGGGAGG	data/hg38.2020-09-22.2bit	data/hg38.refseq.exons.tsv.gz
chr16	53622293	53622294	2	+	RPGRIP1L	crispieRLib_AATCGCTGGAACCCGGGAGG	data/hg38.2020-09-22.2bit	data/hg38.refseq.exons.tsv.gz
chr17	60444057	60444058	2	+	APPBP2	crispieRLib_AATCGCTGGAACCCGGGAGG	data/hg38.2020-09-22.2bit	data/hg38.refseq.exons.tsv.gz
chr6	35580625	35580626	2	-	FKBP5	crispieRLib_AATCGCTGGAACCCGGGAGG	data/hg38.2020-09-22.2bit	data/hg38.refseq.exons.tsv.gz
chr6	31672531	31672532	2	-	LY6G5B	crispieRLib_AATCGCTGGAACCCGGGAGG	data/hg38.2020-09-22.2bit	data/hg38.refseq.exons.tsv.gz
chr6_GL000251v2_alt	3149822	3149823	2	-	LY6G5B	crispieRLib_AATCGCTGGAACCCGGGAGG	data/hg38.2020-09-22.2bit	data/hg38.refseq.exons.tsv.gz
chr6_GL000252v2_alt	2920303	2920304	2	-	LY6G5B	crispieRLib_AATCGCTGGAACCCGGGAGG	data/hg38.2020-09-22.2bit	data/hg38.refseq.exons.tsv.gz
chr6_GL000253v2_alt	2977578	2977579	2	-	LY6G5B	crispieRLib_AATCGCTGGAACCCGGGAGG	data/hg38.2020-09-22.2bit	data/hg38.refseq.exons.tsv.gz
chr6_GL000254v2_alt	3014403	3014404	2	-	LY6G5B	crispieRLib_AATCGCTGGAACCCGGGAGG	data/hg38.2020-09-22.2bit	data/hg38.refseq.exons.tsv.gz
chr6_GL000255v2_alt	2928355	2928356	2	-	LY6G5B	crispieRLib_AATCGCTGGAACCCGGGAGG	data/hg38.2020-09-22.2bit	data/hg38.refseq.exons.tsv.gz
chr6_GL000256v2_alt	2971815	2971816	2	-	LY6G5B	crispieRLib_AATCGCTGGAACCCGGGAGG	data/hg38.2020-09-22.2bit	data/hg38.refseq.exons.tsv.gz
chr3	63278726	63278727	2	-	SYNPR	crispieRLib_TCACCAATTCCAGGGCTCGC	data/hg38.2020-09-22.2bit	data/hg38.refseq.exons.tsv.gz
chr6	1313314	1313315	2	-	FOXQ1	crispieRLib_GCGGAAGACCCCGTCGGCGA	data/hg38.2020-09-22.2bit	data/hg38.refseq.exons.tsv.gz
chr6	111696305	111696306	2	+	FYN	crispieRLib_ATACTCGGTGACGATGTAGA	data/hg38.2020-09-22.2bit	data/hg38.refseq.exons.tsv.gz
chr6	111696305	111696306	2	+	LOC105377945	crispieRLib_ATACTCGGTGACGATGTAGA	data/hg38.2020-09-22.2bit	data/hg38.refseq.exons.tsv.gz
chr1	147618834	147618835	2	-	BCL9	crispieRLib_AGGTTTCGGATCATTCCGAA	data/hg38.2020-09-22.2bit	data/hg38.refseq.exons.tsv.gz
chr15	44289095	44289096	2	+	GOLM2	crispieRLib_CGTGCTGGTGGTGCTGCTGG	data/hg38.2020-09-22.2bit	data/hg38.refseq.exons.tsv.gz
chr5	112864677	112864678	2	+	SRP19	crispieRLib_CCAATACAGAGGCAGAGTCC	data/hg38.2020-09-22.2bit	data/hg38.refseq.exons.tsv.gz
chr19	42433839	42433840	2	+	CXCL17	crispieRLib_AAGCCTGGCCTCGGTCCCTG	data/hg38.2020-09-22.2bit	data/hg38.refseq.exons.tsv.gz
chr7	44073668	44073669	2	-	POLM	crispieRLib_CCGCTTCAGCCGGAAGGAGA	data/hg38.2020-09-22.2bit	data/hg38.refseq.exons.tsv.gz
chr17	34929009	34929010	2	-	CCT6B	crispieRLib_CAATGGTAGCAGCAGATGC	data/hg38.2020-09-22.2bit	data/hg38.refseq.exons.tsv.gz
chr7	121972576	121972577	2	+	PTPRZ1	crispieRLib_ATGACTACCGTGTCAGCGG	data/hg38.2020-09-22.2bit	data/hg38.refseq.exons.tsv.gz
chr2	211630472	211630473	2	-	ERBB4	crispieRLib_AAGAGCCTTGAGAAGATTCT	data/hg38.2020-09-22.2bit	data/hg38.refseq.exons.tsv.gz
chr4	9782411	9782412	2	-	DRD5	crispieRLib_GATGACGCACAGGTTCAGGA	data/hg38.2020-09-22.2bit	data/hg38.refseq.exons.tsv.gz
chr15	92655546	92655547	2	+	FAM174B	crispieRLib_CCGCGACTCGCGCTCGGGTT	data/hg38.2020-09-22.2bit	data/hg38.refseq.exons.tsv.gz
chr12	53320598	53320599	2	-	AAAS	crispieRLib_AACTGCCTTCATCCATCACC	data/hg38.2020-09-22.2bit	data/hg38.refseq.exons.tsv.gz
chr7	123617611	123617612	2	-	ASB15	crispieRLib_CAAGGGTGTTTCTCCATCAC	data/hg38.2020-09-22.2bit	data/hg38.refseq.exons.tsv.gz
chr21	46273533	46273534	2	-	MCM3AP	crispieRLib_TCGGTCCTCGGCGGATCAGG	data/hg38.2020-09-22.2bit	data/hg38.refseq.exons.tsv.gz
chr17	77883526	77883527	2	-	LINC01973	crispieRLib_CCTTACAGATGAAGAAACTG	data/hg38.2020-09-22.2bit	data/hg38.refseq.exons.tsv.gz
chr21	30289411	30289412	2	+	KRTAP25-1	crispieRLib_AGCGACAAAAAATAAAGCT	data/hg38.2020-09-22.2bit	data/hg38.refseq.exons.tsv.gz
chrX	47888082	47888083	2	+	ZNF81	crispieRLib_TACTCAAAGACGCCTGTACC	data/hg38.2020-09-22.2bit	data/hg38.refseq.exons.tsv.gz
chr14	24173068	24173069	2	+	REC8	crispieRLib_GGGAACCCTCAAAGGTGGGG	data/hg38.2020-09-22.2bit	data/hg38.refseq.exons.tsv.gz
chr19	49044678	49044679	2	+	CGB5	crispieRLib_GCCACCCTGGCTGTGGAGA	data/hg38.2020-09-22.2bit	data/hg38.refseq.exons.tsv.gz
chr19	49032605	49032606	2	+	CGB2	crispieRLib_GCCACCCTGGCTGTGGAGA	data/hg38.2020-09-22.2bit	data/hg38.refseq.exons.tsv.gz
chr19	49054905	49054906	2	-	CGB7	crispieRLib_GCCACCCTGGCTGTGGAGA	data/hg38.2020-09-22.2bit	data/hg38.refseq.exons.tsv.gz
chr19	49048269	49048270	2	-	CGB8	crispieRLib_GCCACCCTGGCTGTGGAGA	data/hg38.2020-09-22.2bit	data/hg38.refseq.exons.tsv.gz
chr19	49036200	49036201	2	-	CGB1	crispieRLib_GCCACCCTGGCTGTGGAGA	data/hg38.2020-09-22.2bit	data/hg38.refseq.exons.tsv.gz
chr19	49023500	49023501	2	-	CGB3	crispieRLib_GCCACCCTGGCTGTGGAGA	data/hg38.2020-09-22.2bit	data/hg38.refseq.exons.tsv.gz
chr7	6171285	6171286	2	-	CYTH3	crispieRLib_TGGAGCTTCAGGCTGCCCG	data/hg38.2020-09-22.2bit	data/hg38.refseq.exons.tsv.gz
chr10	73675225	73675226	2	+	BMS1P4-AGAP5	crispieRLib_GGGTCTCATAGTCCACACAG	data/hg38.2020-09-22.2bit	data/hg38.refseq.exons.tsv.gz
chr10	73675225	73675226	2	+	AGAP5	crispieRLib_GGGTCTCATAGTCCACACAG	data/hg38.2020-09-22.2bit	data/hg38.refseq.exons.tsv.gz
chr7	128754550	128754551	2	+	CALU	crispieRLib_ATTGTAGATAAAATAGACG	data/hg38.2020-09-22.2bit	data/hg38.refseq.exons.tsv.gz
chr1	108654767	108654768	2	-	HENMT1	crispieRLib_ATTGTATCATGGCTCCGTTG	data/hg38.2020-09-22.2bit	data/hg38.refseq.exons.tsv.gz
chr16	53649052	53649053	2	-	RPGRIP1L	crispieRLib_GTTCCGATTAAGAGTTCCCA	data/hg38.2020-09-22.2bit	data/hg38.refseq.exons.tsv.gz
chr5	177472194	177472195	2	+	DBN1	crispieRLib_AGTGCTGCAGTACCATGCCA	data/hg38.2020-09-22.2bit	data/hg38.refseq.exons.tsv.gz
chr18	70135185	70135186	2	-	RTTN	crispieRLib_AAGTATCGAGAATGGATATG	data/hg38.2020-09-22.2bit	data/hg38.refseq.exons.tsv.gz
chr11	72755078	72755079	2	+	STARD10	crispieRLib_TGCAGCCACGGCTTGAAGTG	data/hg38.2020-09-22.2bit	data/hg38.refseq.exons.tsv.gz
chrX	71223879	71223880	2	+	GJB1	crispieRLib_ATCTGCAACACACTCCAGCC	data/hg38.2020-09-22.2bit	data/hg38.refseq.exons.tsv.gz
chr16	64972034	64972035	2	+	CDH11	crispieRLib_TCAAGGACCCTAATGGCCAC	data/hg38.2020-09-22.2bit	data/hg38.refseq.exons.tsv.gz
chr22	50508424	50508425	2	+	NCAPH2	crispieRLib_GGTGGACGTGGCGGCCCAGC	data/hg38.2020-09-22.2bit	data/hg38.refseq.exons.tsv.gz
chrX	70282557	70282558	2	-	RAB41	crispieRLib_GAAGCTGTTGTACATGAAG	data/hg38.2020-09-22.2bit	data/hg38.refseq.exons.tsv.gz
chr6	157382151	157382152	2	+	ZDHHC14	crispieRLib_AGGAAATGGGAGGTGTTCCC	data/hg38.2020-09-22.2bit	data/hg38.refseq.exons.tsv.gz
chr2	106832645	106832646	2	+	ST6GAL2	crispieRLib_GTGAACTGTCAATGAAGTGA	data/hg38.2020-09-22.2bit	data/hg38.refseq.exons.tsv.gz
chr1	154273487	154273488	2	+	HAX1	crispieRLib_TTCGGCTTCAGCTTCAGCCC	data/hg38.2020-09-22.2bit	data/hg38.refseq.exons.tsv.gz
chr1	233346616	233346617	2	+	MAP3K21	crispieRLib_TTTCTAAGGGAAGCGACATC	data/hg38.2020-09-22.2bit	data/hg38.refseq.exons.tsv.gz
chr19	12353018	12353019	2	-	ZNF442	crispieRLib_GTCTGTACAGAGATGTGATG	data/hg38.2020-09-22.2bit	data/hg38.refseq.exons.tsv.gz
chr16	726009	726010	2	-	CCDC78	crispieRLib_GGCCACCAGCTTGGAAGCAG	data/hg38.2020-09-22.2bit	data/hg38.refseq.exons.tsv.gz
chr21	31873798	31873799	2	+	HUNK	crispieRLib_TTCCTGCCTGCCTGGGTGAG	data/hg38.2020-09-22.2bit	data/hg38.refseq.exons.tsv.gz
chr8	39766992	39766993	2	+	ADAM2	crispieRLib_TCCATTGCAATATTCAGGG	data/hg38.2020-09-22.2bit	data/hg38.refseq.exons.tsv.gz
chr8_KI270822v1_alt	517622	517623	2	+	ADAM2	crispieRLib_TCCATTGCAATATTCAGGG	data/hg38.2020-09-22.2bit	data/hg38.refseq.exons.tsv.gz
chr10	27218144	27218145	2	-	ACBD5	crispieRLib_GTCAGCAGACCATAAGAATT	data/hg38.2020-09-22.2bit	data/hg38.refseq.exons.tsv.gz
chr2	17781267	17781268	2	-	GEN1	crispieRLib_TCTGGTTGTAGATTATCCTG	data/hg38.2020-09-22.2bit	data/hg38.refseq.exons.tsv.gz
chr3	156549003	156549004	2	+	SSR3	crispieRLib_TCCCTCTTCTGTGCTACTC	data/hg38.2020-09-22.2bit	data/hg38.refseq.exons.tsv.gz
chr2	136115799	136115800	2	+	CXCR4	crispieRLib_GAAGATGATGGAGTAGATGG	data/hg38.2020-09-22.2bit	data/hg38.refseq.exons.tsv.gz
chr4	1004297	1004298	2	+	IDUA	crispieRLib_CTCCTACCGAGTTCGAGCCC	data/hg38.2020-09-22.2bit	data/hg38.refseq.exons.tsv.gz
chr7	27182996	27182997	2	+	HOXA11	crispieRLib_GATCTGGTACTTGGTATAG	data/hg38.2020-09-22.2bit	data/hg38.refseq.exons.tsv.gz
chr5	141418508	141418509	2	+	PCDHGB7	crispieRLib_GTACTGACCGCCTTAGATGG	data/hg38.2020-09-22.2bit	data/hg38.refseq.exons.tsv.gz
chr1	203700904	203700905	2	+	ATP2B4	crispieRLib_GGTCAATGAGGATGACGAAG	data/hg38.2020-09-22.2bit	data/hg38.refseq.exons.tsv.gz
chr7	76063543	76063544	2	-	MDH2	crispieRLib_CAGCATGGCCACCAATGACA	data/hg38.2020-09-22.2bit	data/hg38.refseq.exons.tsv.gz
chrX	18990894	18990895	2	-	ADGRG2	crispieRLib_TCAGAAGGACTTCAAAGCG	data/hg38.2020-09-22.2bit	data/hg38.refseq.exons.tsv.gz
chr7	27130580	27130581	2	+	HOXA4	crispieRLib_GCTGCTGCAGCGGCAGGTGC	data/hg38.2020-09-22.2bit	data/hg38.refseq.exons.tsv.gz
chr6	63685738	63685739	2	-	PHF3	crispieRLib_TTGCTGCTTCTTCTTTGGCG	data/hg38.2020-09-22.2bit	data/hg38.refseq.exons.tsv.gz
chr15	78162273	78162274	2	+	IDH3A	crispieRLib_GTATCAAGCTCATCACCGA	data/hg38.2020-09-22.2bit	data/hg38.refseq.exons.tsv.gz
chr2	232485043	232485044	2	+	ECEL1	crispieRLib_GTTCCACAGCGTCTGCACCC	data/hg38.2020-09-22.2bit	data/hg38.refseq.exons.tsv.gz
chr7	99450779	99450780	2	-	CPSF4	crispieRLib_TCACTGCATGAATTTACACG	data/hg38.2020-09-22.2bit	data/hg38.refseq.exons.tsv.gz
chr14	77407466	77407467	2	-	NOXRED1	crispieRLib_TAGCTGCCATCCCACTACCC	data/hg38.2020-09-22.2bit	data/hg38.refseq.exons.tsv.gz
chr11	67483236	67483237	2	-	AIP	crispieRLib_TTGGTCCCATCTTGAAAGTC	data/hg38.2020-09-22.2bit	data/hg38.refseq.exons.tsv.gz
chr1	157521277	157521278	2	-	FCRL5	crispieRLib_TTCAGTTCCGGTGTCTCGCC	data/hg38.2020-09-22.2bit	data/hg38.refseq.exons.tsv.gz
chr3	102456304	102456305	2	+	ZPLD1	crispieRLib_ACAATCATCAGCTATCTACC	data/hg38.2020-09-22.2bit	data/hg38.refseq.exons.tsv.gz
chr2	191835971	191835972	2	-	CAVIN2	crispieRLib_GAGGAGGCGGAGCGCTCCGA	data/hg38.2020-09-22.2bit	data/hg38.refseq.exons.tsv.gz
chrX	76177888	76177889	2	+	PBDC1	crispieRLib_ACAAAGAAATCAACAAAAG	data/hg38.2020-09-22.2bit	data/hg38.refseq.exons.tsv.gz
chr10	98407583	98407584	2	-	PYROXD2	crispieRLib_TTACACTGATCTGGAGCTGA	data/hg38.2020-09-22.2bit	data/hg38.refseq.exons.tsv.gz
chr2	219296244	219296245	2	+	PTPRN	crispieRLib_CTCATATACGTGGTAGAGGG	data/hg38.2020-09-22.2bit	data/hg38.refseq.exons.tsv.gz
chr12	124913713	124913714	2	+	UBC	crispieRLib_ACATTCTCGATGGTGTCACT	data/hg38.2020-09-22.2bit	data/hg38.refseq.exons.tsv.gz
chr12	124913257	124913258	2	+	UBC	crispieRLib_ACATTCTCGATGGTGTCACT	data/hg38.2020-09-22.2bit	data/hg38.refseq.exons.tsv.gz
chr12	124911889	124911890	2	+	UBC	crispieRLib_ACATTCTCGATGGTGTCACT	data/hg38.2020-09-22.2bit	data/hg38.refseq.exons.tsv.gz
chr12	123639302	123639303	2	-	GTF2H3	crispieRLib_CTTTCCCCACCAAATTGGGT	data/hg38.2020-09-22.2bit	data/hg38.refseq.exons.tsv.gz
chr2	233768297	233768298	2	-	UGT1A8	crispieRLib_AAACAAGGGCATCATCACCA	data/hg38.2020-09-22.2bit	data/hg38.refseq.exons.tsv.gz
chr2	233768297	233768298	2	-	UGT1A10	crispieRLib_AAACAAGGGCATCATCACCA	data/hg38.2020-09-22.2bit	data/hg38.refseq.exons.tsv.gz
chr2	233768297	233768298	2	-	UGT1A9	crispieRLib_AAACAAGGGCATCATCACCA	data/hg38.2020-09-22.2bit	data/hg38.refseq.exons.tsv.gz
chr2	233768297	233768298	2	-	UGT1A7	crispieRLib_AAACAAGGGCATCATCACCA	data/hg38.2020-09-22.2bit	data/hg38.refseq.exons.tsv.gz
chr2	233768297	233768298	2	-	UGT1A6	crispieRLib_AAACAAGGGCATCATCACCA	data/hg38.2020-09-22.2bit	data/hg38.refseq.exons.tsv.gz
chr2	233768297	233768298	2	-	UGT1A5	crispieRLib_AAACAAGGGCATCATCACCA	data/hg38.2020-09-22.2bit	data/hg38.refseq.exons.tsv.gz
chr2	233768297	233768298	2	-	UGT1A4	crispieRLib_AAACAAGGGCATCATCACCA	data/hg38.2020-09-22.2bit	data/hg38.refseq.exons.tsv.gz
chr2	233768297	233768298	2	-	UGT1A3	crispieRLib_AAACAAGGGCATCATCACCA	data/hg38.2020-09-22.2bit	data/hg38.refseq.exons.tsv.gz
chr2	233768297	233768298	2	-	UGT1A1	crispieRLib_AAACAAGGGCATCATCACCA	data/hg38.2020-09-22.2bit	data/hg38.refseq.exons.tsv.gz
chr12	70701148	70701149	2	+	PTPRR	crispieRLib_GGCTCACCATGAATTCACTT	data/hg38.2020-09-22.2bit	data/hg38.refseq.exons.tsv.gz
chr16	284466	284467	2	+	PDIA2	crispieRLib_GCTCGCGGCCGAGTCAATGG	data/hg38.2020-09-22.2bit	data/hg38.refseq.exons.tsv.gz
chr12	56454458	56454459	2	+	MIP	crispieRLib_AGACTGCACCAGTGTAGCCA	data/hg38.2020-09-22.2bit	data/hg38.refseq.exons.tsv.gz
chr19	46494705	46494706	2	-	PNMA8B	crispieRLib_AGACGGTCCCCGCGAGTTCT	data/hg38.2020-09-22.2bit	data/hg38.refseq.exons.tsv.gz
chr1	151638951	151638952	2	+	SNX27	crispieRLib_CCTGATTCGAGCAGGCGAGA	data/hg38.2020-09-22.2bit	data/hg38.refseq.exons.tsv.gz
chr7	138752781	138752782	2	+	ATP6V0A4	crispieRLib_GATGAGCCAGGAGTGCCAGT	data/hg38.2020-09-22.2bit	data/hg38.refseq.exons.tsv.gz
chr9	128063697	128063698	2	+	NAIF1	crispieRLib_GTGCGATCTCCTTCACATGC	data/hg38.2020-09-22.2bit	data/hg38.refseq.exons.tsv.gz
chr2	189854335	189854336	2	-	PMS1	crispieRLib_CTAAGAACGATGTCAGCTG	data/hg38.2020-09-22.2bit	data/hg38.refseq.exons.tsv.gz
chr12	120222671	120222672	2	-	PXN	crispieRLib_GAGACTAACAGCCCCTTGGG	data/hg38.2020-09-22.2bit	data/hg38.refseq.exons.tsv.gz
chr4	83581694	83581695	2	+	GPAT3	crispieRLib_TAGAAGATGAAGTGACCCAG	data/hg38.2020-09-22.2bit	data/hg38.refseq.exons.tsv.gz
chr17	3964266	3964267	2	+	ATP2A3	crispieRLib_TGGCGCAGCACGTCGGCGGC	data/hg38.2020-09-22.2bit	data/hg38.refseq.exons.tsv.gz
chr4	9258144	9258145	2	+	USP17L20	crispieRLib_GGAGGACGACTCACTCTACT	data/hg38.2020-09-22.2bit	data/hg38.refseq.exons.tsv.gz
chr4	9243899	9243900	2	+	USP17L17	crispieRLib_GGAGGACGACTCACTCTACT	data/hg38.2020-09-22.2bit	data/hg38.refseq.exons.tsv.gz
chr4	9210677	9210678	2	+	USP17L10	crispieRLib_GGAGGACGACTCACTCTACT	data/hg38.2020-09-22.2bit	data/hg38.refseq.exons.tsv.gz
chr4	9267639	9267640	2	+	USP17L22	crispieRLib_GGAGGACGACTCACTCTACT	data/hg38.2020-09-22.2bit	data/hg38.refseq.exons.tsv.gz
chr8	12138738	12138739	2	-	USP17L2	crispieRLib_GGAGGACGACTCACTCTACT	data/hg38.2020-09-22.2bit	data/hg38.refseq.exons.tsv.gz
chr8	7973231	7973232	2	-	USP17L8	crispieRLib_GGAGGACGACTCACTCTACT	data/hg38.2020-09-22.2bit	data/hg38.refseq.exons.tsv.gz
chrY	12725140	12725141	2	-	USP9Y	crispieRLib_GTCCATCTCGAAAAAAACGT	data/hg38.2020-09-22.2bit	data/hg38.refseq.exons.tsv.gz
chr4	56459447	56459448	2	-	PAICS	crispieRLib_GCAGTTTGCTCCATACCAAA	data/hg38.2020-09-22.2bit	data/hg38.refseq.exons.tsv.gz
chr19	10094910	10094911	2	+	ANGPTL6	crispieRLib_ACAAGACGGACCGGAACCAC	data/hg38.2020-09-22.2bit	data/hg38.refseq.exons.tsv.gz
chr15	66565314	66565315	2	-	LCTL	crispieRLib_GGATGCTACTGCTGGTGCCC	data/hg38.2020-09-22.2bit	data/hg38.refseq.exons.tsv.gz
chr1	206099653	206099654	2	-	RHEX	crispieRLib_ATCTGTTCACTCTTGTGGGC	data/hg38.2020-09-22.2bit	data/hg38.refseq.exons.tsv.gz
chr9	113331030	113331031	2	-	WDR31	crispieRLib_CATGGATACCGTCTCTGTCG	data/hg38.2020-09-22.2bit	data/hg38.refseq.exons.tsv.gz
chr17	38674396	38674397	2	+	EPOP	crispieRLib_GGCACAGCGGAGAGAATTCC	data/hg38.2020-09-22.2bit	data/hg38.refseq.exons.tsv.gz
chr17_KI270857v1_alt	2709715	2709716	2	+	EPOP	crispieRLib_GGCACAGCGGAGAGAATTCC	data/hg38.2020-09-22.2bit	data/hg38.refseq.exons.tsv.gz
chr10	37126005	37126006	2	+	ANKRD30A	crispieRLib_ATATACAAGACGCCCAGAAG	data/hg38.2020-09-22.2bit	data/hg38.refseq.exons.tsv.gz
chr5	140786774	140786775	2	+	PCDHA1	crispieRLib_GGAGCTGCTGATGCAGACAT	data/hg38.2020-09-22.2bit	data/hg38.refseq.exons.tsv.gz
chr3	43715037	43715038	2	-	ABHD5	crispieRLib_TGGAGTCTGCACATTACAG	data/hg38.2020-09-22.2bit	data/hg38.refseq.exons.tsv.gz
chr19	15087526	15087527	2	-	OR1I1	crispieRLib_AGGTGTGTATGAGAGACTGG	data/hg38.2020-09-22.2bit	data/hg38.refseq.exons.tsv.gz
chr10	73541399	73541400	2	-	USP54	crispieRLib_GAAGATGTTATCCACAGCCT	data/hg38.2020-09-22.2bit	data/hg38.refseq.exons.tsv.gz
chr16	397305	397306	2	-	NME4	crispieRLib_GCCCCACTCACCCGAGCCG	data/hg38.2020-09-22.2bit	data/hg38.refseq.exons.tsv.gz
chr21	29038412	29038413	2	-	USP16	crispieRLib_CTGTTAATGCCAAATCAGG	data/hg38.2020-09-22.2bit	data/hg38.refseq.exons.tsv.gz
chr6	4099132	4099133	2	+	C6orf201	crispieRLib_TCATCAACAATGTAACTGACGGG	data/hg38.2020-09-22.2bit	data/hg38.refseq.exons.tsv.gz
chr7	129127152	129127153	2	+	LOC407835	crispieRLib_AGATCAAGCTGTGTGACTTC	data/hg38.2020-09-22.2bit	data/hg38.refseq.exons.tsv.gz
chr19	4101084	4101085	2	-	MAP2K2	crispieRLib_AGATCAAGCTGTGTGACTTC	data/hg38.2020-09-22.2bit	data/hg38.refseq.exons.tsv.gz
chr19	15448113	15448114	2	-	WIZ	crispieRLib_GACATTCTGGATGGCAGAGG	data/hg38.2020-09-22.2bit	data/hg38.refseq.exons.tsv.gz
chr12	133218945	133218946	2	+	ANHX	crispieRLib_CCCCAGAAGGCATCACCAG	data/hg38.2020-09-22.2bit	data/hg38.refseq.exons.tsv.gz
chr2	177232404	177232405	2	+	NFE2L2	crispieRLib_AGTTACCTGTAACTCAGGAA	data/hg38.2020-09-22.2bit	data/hg38.refseq.exons.tsv.gz
chr13	23869335	23869336	2	+	MIPEP	crispieRLib_GAGAGCCCTGTGAGAAAACG	data/hg38.2020-09-22.2bit	data/hg38.refseq.exons.tsv.gz
chr19	19527293	19527294	2	+	NDUFA13	crispieRLib_CACAGGCGCCTACAAATCG	data/hg38.2020-09-22.2bit	data/hg38.refseq.exons.tsv.gz
chr4	47914087	47914088	2	-	NFXL1	crispieRLib_GCCGGAGGAGGGCGAGAGAA	data/hg38.2020-09-22.2bit	data/hg38.refseq.exons.tsv.gz
chr20	49124562	49124563	2	+	STAU1	crispieRLib_TCACAAAGTTCTTCATGTG	data/hg38.2020-09-22.2bit	data/hg38.refseq.exons.tsv.gz
chr19	55376904	55376905	2	+	TMEM190	crispieRLib_GCTCCTGCTGCTGCAGGGCT	data/hg38.2020-09-22.2bit	data/hg38.refseq.exons.tsv.gz
chr1	150272828	150272829	2	-	C1orf54	crispieRLib_CAGCAAAGATGGCTACAAAG	data/hg38.2020-09-22.2bit	data/hg38.refseq.exons.tsv.gz
chr1	45334482	45334483	2	-	MUTYH	crispieRLib_AGGAAGCCACGAGCAGCCGT	data/hg38.2020-09-22.2bit	data/hg38.refseq.exons.tsv.gz
chr11	58624288	58624289	2	+	ZFP91-CNTF	crispieRLib_TGCCTTTGCATACCAGATAG	data/hg38.2020-09-22.2bit	data/hg38.refseq.exons.tsv.gz
chr11	58624288	58624289	2	+	CNTF	crispieRLib_TGCCTTTGCATACCAGATAG	data/hg38.2020-09-22.2bit	data/hg38.refseq.exons.tsv.gz
chr12	121004464	121004465	2	-	C12orf43	crispieRLib_ACAGTGACGAGGAGTGGCGG	data/hg38.2020-09-22.2bit	data/hg38.refseq.exons.tsv.gz
chr3	96866886	96866887	2	+	EPHA6	crispieRLib_GAAAACATATCCATTAAATG	data/hg38.2020-09-22.2bit	data/hg38.refseq.exons.tsv.gz
chr8	105798747	105798748	2	-	ZFPM2	crispieRLib_ACTCCGATACCAGATGCCAC	data/hg38.2020-09-22.2bit	data/hg38.refseq.exons.tsv.gz
chr11	124215434	124215435	2	-	OR8G3P	crispieRLib_TGCCCTCAGTGGAGTGAATG	data/hg38.2020-09-22.2bit	data/hg38.refseq.exons.tsv.gz
chr4	70389687	70389688	2	+	SMR3B	crispieRLib_AGAGTCAAAGAGGCCCCAG	data/hg38.2020-09-22.2bit	data/hg38.refseq.exons.tsv.gz
chr4	70366668	70366669	2	+	SMR3A	crispieRLib_AGAGTCAAAGAGGCCCCAG	data/hg38.2020-09-22.2bit	data/hg38.refseq.exons.tsv.gz
chr12	130992389	130992390	2	+	ADGRD1	crispieRLib_GACAGCCTTGAATCTCACCA	data/hg38.2020-09-22.2bit	data/hg38.refseq.exons.tsv.gz
chr12	130992389	130992390	2	+	ADGRD1-AS1	crispieRLib_GACAGCCTTGAATCTCACCA	data/hg38.2020-09-22.2bit	data/hg38.refseq.exons.tsv.gz
chr12	51953399	51953400	2	-	ACVR1B	crispieRLib_AGGCCGAAGAACACACACG	data/hg38.2020-09-22.2bit	data/hg38.refseq.exons.tsv.gz
chr16	31109255	31109256	2	+	BCKDK	crispieRLib_CGGTGCTGAGGAGCGGTCCC	data/hg38.2020-09-22.2bit	data/hg38.refseq.exons.tsv.gz
chr5	1254460	1254461	2	-	TERT	crispieRLib_CGCCGGCCCTCTGCCCTCCG	data/hg38.2020-09-22.2bit	data/hg38.refseq.exons.tsv.gz
chr5	151892345	151892346	2	+	GLRA1	crispieRLib_GATCCTGGCATCATATCCGG	data/hg38.2020-09-22.2bit	data/hg38.refseq.exons.tsv.gz
chr5	151892345	151892346	2	+	LOC112267935	crispieRLib_GATCCTGGCATCATATCCGG	data/hg38.2020-09-22.2bit	data/hg38.refseq.exons.tsv.gz
chr19	45364483	45364484	2	-	ERCC2	crispieRLib_GGACCCCAAGATTGCAGACC	data/hg38.2020-09-22.2bit	data/hg38.refseq.exons.tsv.gz
chr6	110127570	110127571	2	+	WASF1	crispieRLib_GCTGTGTGGCACAAGTGCCT	data/hg38.2020-09-22.2bit	data/hg38.refseq.exons.tsv.gz
chr7	21916755	21916756	2	-	CDCA7L	crispieRLib_CTCACTAGAGTCAGGGAAAC	data/hg38.2020-09-22.2bit	data/hg38.refseq.exons.tsv.gz
chr2	177212773	177212774	2	+	MIR4444-1	crispieRLib_GTCCCATATTGAACTCGAGT	data/hg38.2020-09-22.2bit	data/hg38.refseq.exons.tsv.gz
chr3	75214523	75214524	2	+	MIR4444-2	crispieRLib_GTCCCATATTGAACTCGAGT	data/hg38.2020-09-22.2bit	data/hg38.refseq.exons.tsv.gz
chr10	95237980	95237981	2	-	PDLIM1	crispieRLib_TACTGTGAGAAGCATGCCC	data/hg38.2020-09-22.2bit	data/hg38.refseq.exons.tsv.gz
chr1	114153685	114153686	2	+	SYT6	crispieRLib_TCTCCACGTCCAGCCCGAGA	data/hg38.2020-09-22.2bit	data/hg38.refseq.exons.tsv.gz
chr8	85259461	85259462	2	+	CA13	crispieRLib_GGAAGCTACAGGTTACGGC	data/hg38.2020-09-22.2bit	data/hg38.refseq.exons.tsv.gz
chr5	177050805	177050806	2	-	ZNF346	crispieRLib_CAGGGTCGTTGAAAGTTGCA	data/hg38.2020-09-22.2bit	data/hg38.refseq.exons.tsv.gz
chr2	65334640	65334641	2	-	SPRED2	crispieRLib_GATGCCCGAGCCTTTGACA	data/hg38.2020-09-22.2bit	data/hg38.refseq.exons.tsv.gz
chr8	71842667	71842668	2	+	MSC	crispieRLib_TTCCAGTCCGATTTAAGCGG	data/hg38.2020-09-22.2bit	data/hg38.refseq.exons.tsv.gz
chr6	110962473	110962474	2	-	GTF3C6	crispieRLib_CTCCTTCCTTCTTCTCTGTC	data/hg38.2020-09-22.2bit	data/hg38.refseq.exons.tsv.gz
chr2	113007893	113007894	2	-	IL36A	crispieRLib_GTTCCTGCCACTCTGGCTG	data/hg38.2020-09-22.2bit	data/hg38.refseq.exons.tsv.gz
chr8	64596831	64596832	2	-	CYP7B1	crispieRLib_TACCTAATGCCGTTTGGAAC	data/hg38.2020-09-22.2bit	data/hg38.refseq.exons.tsv.gz
chr20	229424	229425	2	+	DEFB129	crispieRLib_TTAAAAACTACCTGCAATA	data/hg38.2020-09-22.2bit	data/hg38.refseq.exons.tsv.gz
chr11	77702021	77702022	2	+	RSF1	crispieRLib_GGAGTAACTGATTTACACAA	data/hg38.2020-09-22.2bit	data/hg38.refseq.exons.tsv.gz
chr1	200666034	200666035	2	+	DDX59	crispieRLib_TCTCTTCCCAGAAGTCCCAC	data/hg38.2020-09-22.2bit	data/hg38.refseq.exons.tsv.gz
chr10	58390777	58390778	2	+	TFAM	crispieRLib_ATTCAGGAGTTAACACTGCT	data/hg38.2020-09-22.2bit	data/hg38.refseq.exons.tsv.gz
chr17	3421209	3421210	2	+	OR3A3	crispieRLib_CTTTGTAGCAGCAGCCTTCA	data/hg38.2020-09-22.2bit	data/hg38.refseq.exons.tsv.gz
chr10	6025974	6025975	2	-	IL2RA	crispieRLib_ACACGCCACATTCAAAGCCA	data/hg38.2020-09-22.2bit	data/hg38.refseq.exons.tsv.gz
chr1	40301245	40301246	2	+	COL9A2	crispieRLib_ATAGGCCGAAGCTCCAAGGC	data/hg38.2020-09-22.2bit	data/hg38.refseq.exons.tsv.gz
chr2	112659073	112659074	2	-	SLC20A1	crispieRLib_ATTCACGGTGCTATCTATGC	data/hg38.2020-09-22.2bit	data/hg38.refseq.exons.tsv.gz
chr19	7630837	7630838	2	-	PET100	crispieRLib_GATCACTTACCTTCTCAGG	data/hg38.2020-09-22.2bit	data/hg38.refseq.exons.tsv.gz
chr10	129842271	129842272	2	-	EBF3	crispieRLib_GATCATCTTGAAGCGAGCGG	data/hg38.2020-09-22.2bit	data/hg38.refseq.exons.tsv.gz
chr10	122249100	122249101	2	+	TACC2	crispieRLib_GTACCTGTCCCGGGTGAAGA	data/hg38.2020-09-22.2bit	data/hg38.refseq.exons.tsv.gz
chr16	87714557	87714558	2	-	KLHDC4	crispieRLib_GCAGAGAGTTAAGAAAGACG	data/hg38.2020-09-22.2bit	data/hg38.refseq.exons.tsv.gz
chr21	43453202	43453203	2	+	LINC00319	crispieRLib_TGCCATGTGCAGTGAACCCC	data/hg38.2020-09-22.2bit	data/hg38.refseq.exons.tsv.gz
chr21	6085062	6085063	2	-	CH507-42P11.6	crispieRLib_TGCCATGTGCAGTGAACCCC	data/hg38.2020-09-22.2bit	data/hg38.refseq.exons.tsv.gz
chr17	58218669	58218670	2	-	MKS1	crispieRLib_TATCAGCCTGCTGCCGAGCT	data/hg38.2020-09-22.2bit	data/hg38.refseq.exons.tsv.gz
chr11	95067554	95067555	2	+	SRSF8	crispieRLib_GAGCCACGCGGCAGGTCCAG	data/hg38.2020-09-22.2bit	data/hg38.refseq.exons.tsv.gz
chr17	18184316	18184317	2	+	ALKBH5	crispieRLib_CCCGGGACAACTATAAGGC	data/hg38.2020-09-22.2bit	data/hg38.refseq.exons.tsv.gz
chr16	70222459	70222460	2	-	SMG1P7	crispieRLib_TCATTAAGCAGCTTCGAGTC	data/hg38.2020-09-22.2bit	data/hg38.refseq.exons.tsv.gz
chr10	113641419	113641420	2	-	NRAP	crispieRLib_AGAGGCCGCTATGAAGGAGT	data/hg38.2020-09-22.2bit	data/hg38.refseq.exons.tsv.gz
chr11	5453603	5453604	2	+	OR51I2	crispieRLib_GTGATGTATGCTGTGGCCCT	data/hg38.2020-09-22.2bit	data/hg38.refseq.exons.tsv.gz
chr9	112486432	112486433	2	+	HSDL2-AS1	crispieRLib_TGCTCCTTGCGTTTCAGTGG	data/hg38.2020-09-22.2bit	data/hg38.refseq.exons.tsv.gz
chr13	99971655	99971656	2	-	ZIC5	crispieRLib_ATGTTTTTGAAGGCGGGCAG	data/hg38.2020-09-22.2bit	data/hg38.refseq.exons.tsv.gz
chr9	21385224	21385225	2	-	IFNA2	crispieRLib_AAACCCACAGCCTGGGTAGCAGG	data/hg38.2020-09-22.2bit	data/hg38.refseq.exons.tsv.gz
chr21	5125905	5125906	2	+	LOC102724023	crispieRLib_CCTTCGGACGGCTGCCCCT	data/hg38.2020-09-22.2bit	data/hg38.refseq.exons.tsv.gz
chr21	44136145	44136146	2	-	GATD3	crispieRLib_CCTTCGGACGGCTGCCCCT	data/hg38.2020-09-22.2bit	data/hg38.refseq.exons.tsv.gz
chr22	45414335	45414336	2	+	RIBC2	crispieRLib_TATAGGGAGACACTGAAGCC	data/hg38.2020-09-22.2bit	data/hg38.refseq.exons.tsv.gz
chrX	150718660	150718661	2	+	MTMR1	crispieRLib_TAAGCTGGCACAGATGGAAG	data/hg38.2020-09-22.2bit	data/hg38.refseq.exons.tsv.gz
chr3	122569908	122569909	2	+	DTX3L	crispieRLib_ACTTCCTATGGTATTCAGAA	data/hg38.2020-09-22.2bit	data/hg38.refseq.exons.tsv.gz
chr5	75399367	75399368	2	+	CERT1	crispieRLib_TAGATCAATGGAAGACATGG	data/hg38.2020-09-22.2bit	data/hg38.refseq.exons.tsv.gz
chr12	57102905	57102906	2	+	STAT6	crispieRLib_CATGGACGATGACCACCAG	data/hg38.2020-09-22.2bit	data/hg38.refseq.exons.tsv.gz
chr17	42980981	42980982	2	-	RUNDC1	crispieRLib_CTTCGTAACCTAGGACGTG	data/hg38.2020-09-22.2bit	data/hg38.refseq.exons.tsv.gz
chr20	45301140	45301141	2	-	MATN4	crispieRLib_GCCACGGTGCCACTGCAGAG	data/hg38.2020-09-22.2bit	data/hg38.refseq.exons.tsv.gz
chr14	90043107	90043108	2	+	TDP1	crispieRLib_CATTCCTTATGTCAAAGCAC	data/hg38.2020-09-22.2bit	data/hg38.refseq.exons.tsv.gz
chr11	67487053	67487054	2	+	AIP	crispieRLib_TGACGACGAGGGCACCGTGC	data/hg38.2020-09-22.2bit	data/hg38.refseq.exons.tsv.gz
chr20	46596310	46596311	2	+	SLC13A3	crispieRLib_GAGTCAGCCGGCAGATCCAG	data/hg38.2020-09-22.2bit	data/hg38.refseq.exons.tsv.gz
chr4	113978605	113978606	2	+	ARSJ	crispieRLib_GCTAGGATGAAAATGAGATG	data/hg38.2020-09-22.2bit	data/hg38.refseq.exons.tsv.gz
chr9	95875559	95875560	2	+	ERCC6L2-AS1	crispieRLib_GCCTCAGAGGGAAGAGACAT	data/hg38.2020-09-22.2bit	data/hg38.refseq.exons.tsv.gz
chr6	39114893	39114894	2	+	SAYSD1	crispieRLib_GTCTCACCTGAACTAGGCC	data/hg38.2020-09-22.2bit	data/hg38.refseq.exons.tsv.gz
chr1	43900768	43900769	2	-	ST3GAL3	crispieRLib_TACTTGACACTGCCTGTACT	data/hg38.2020-09-22.2bit	data/hg38.refseq.exons.tsv.gz
chr12	48823395	48823396	2	-	CACNB3	crispieRLib_ACTCTCCCGGTCCTCCTCCA	data/hg38.2020-09-22.2bit	data/hg38.refseq.exons.tsv.gz
chr3	119447025	119447026	2	+	TMEM39A	crispieRLib_GGAGTACTCACGGGTAGCCA	data/hg38.2020-09-22.2bit	data/hg38.refseq.exons.tsv.gz
chr18	63986378	63986379	2	-	SERPINB8	crispieRLib_TTCATCTGAAGATGAAGGG	data/hg38.2020-09-22.2bit	data/hg38.refseq.exons.tsv.gz
chr12	8134526	8134527	2	-	POU5F1P3	crispieRLib_GGTGGAGAGCAACTCCGATG	data/hg38.2020-09-22.2bit	data/hg38.refseq.exons.tsv.gz
chr6	31170295	31170296	2	-	POU5F1	crispieRLib_GGTGGAGAGCAACTCCGATG	data/hg38.2020-09-22.2bit	data/hg38.refseq.exons.tsv.gz
chr6_GL000251v2_alt	2652737	2652738	2	-	POU5F1	crispieRLib_GGTGGAGAGCAACTCCGATG	data/hg38.2020-09-22.2bit	data/hg38.refseq.exons.tsv.gz
chr6_GL000252v2_alt	2429629	2429630	2	-	POU5F1	crispieRLib_GGTGGAGAGCAACTCCGATG	data/hg38.2020-09-22.2bit	data/hg38.refseq.exons.tsv.gz
chr6_GL000253v2_alt	2480815	2480816	2	-	POU5F1	crispieRLib_GGTGGAGAGCAACTCCGATG	data/hg38.2020-09-22.2bit	data/hg38.refseq.exons.tsv.gz
chr6_GL000254v2_alt	2514429	2514430	2	-	POU5F1	crispieRLib_GGTGGAGAGCAACTCCGATG	data/hg38.2020-09-22.2bit	data/hg38.refseq.exons.tsv.gz
chr6_GL000255v2_alt	2428345	2428346	2	-	POU5F1	crispieRLib_GGTGGAGAGCAACTCCGATG	data/hg38.2020-09-22.2bit	data/hg38.refseq.exons.tsv.gz
chr6_GL000256v2_alt	2473727	2473728	2	-	POU5F1	crispieRLib_GGTGGAGAGCAACTCCGATG	data/hg38.2020-09-22.2bit	data/hg38.refseq.exons.tsv.gz
chr7	151242759	151242760	2	-	SMARCD3	crispieRLib_ATCAAACCATCATGCGGAAG	data/hg38.2020-09-22.2bit	data/hg38.refseq.exons.tsv.gz
chr3	51960631	51960632	2	+	PCBP4	crispieRLib_CCCTCGGAGATGGTGATCC	data/hg38.2020-09-22.2bit	data/hg38.refseq.exons.tsv.gz
chr5	147401662	147401663	2	+	STK32A	crispieRLib_GGTTCCATCTATGCCGAGGC	data/hg38.2020-09-22.2bit	data/hg38.refseq.exons.tsv.gz
chr5	147401662	147401663	2	+	DPYSL3	crispieRLib_GGTTCCATCTATGCCGAGGC	data/hg38.2020-09-22.2bit	data/hg38.refseq.exons.tsv.gz
chr9	113349685	113349686	2	-	BSPRY	crispieRLib_GGCGCACACGGGCCGTCGCT	data/hg38.2020-09-22.2bit	data/hg38.refseq.exons.tsv.gz
chrX	11763778	11763779	2	-	MSL3	crispieRLib_CTCCTTACAAAGGTCAACAC	data/hg38.2020-09-22.2bit	data/hg38.refseq.exons.tsv.gz
chr7	116763137	116763138	2	-	MET	crispieRLib_ATCTAACATGAAAAAGGCTT	data/hg38.2020-09-22.2bit	data/hg38.refseq.exons.tsv.gz
chr7	21591506	21591507	2	+	DNAH11	crispieRLib_GCCTTCACCTTGGAGGACAA	data/hg38.2020-09-22.2bit	data/hg38.refseq.exons.tsv.gz
chr6	136231339	136231340	2	-	MTFR2	crispieRLib_CAGCGAACTAAAGAAGAAA	data/hg38.2020-09-22.2bit	data/hg38.refseq.exons.tsv.gz
chr3	50640383	50640384	2	-	MAPKAPK3	crispieRLib_TCTACCTCCTGCCGGGCCTT	data/hg38.2020-09-22.2bit	data/hg38.refseq.exons.tsv.gz
chr3	44827525	44827526	2	+	KIF15	crispieRLib_GACGGCCAAGTGTGAGCAGC	data/hg38.2020-09-22.2bit	data/hg38.refseq.exons.tsv.gz
chr14	102999566	102999567	2	-	CDC42BPB	crispieRLib_ATCAGCTTCATTACGTGCAC	data/hg38.2020-09-22.2bit	data/hg38.refseq.exons.tsv.gz
chr17	39462512	39462513	2	+	CDK12	crispieRLib_ATCGATGAAGGACCGGATAT	data/hg38.2020-09-22.2bit	data/hg38.refseq.exons.tsv.gz
chr19	48162267	48162268	2	+	LIG1	crispieRLib_CCCTGTGACATACTTTGGAG	data/hg38.2020-09-22.2bit	data/hg38.refseq.exons.tsv.gz
chr2	203396810	203396811	2	-	ABI2	crispieRLib_GCAGAAGTAGCAGGAAGGGG	data/hg38.2020-09-22.2bit	data/hg38.refseq.exons.tsv.gz
chr11	86487421	86487422	2	+	ME3	crispieRLib_GTTTCAGGCCGATGTACAG	data/hg38.2020-09-22.2bit	data/hg38.refseq.exons.tsv.gz
chr19	32973540	32973541	2	+	FAAP24	crispieRLib_CAGGAAATGGCTACAGAAAG	data/hg38.2020-09-22.2bit	data/hg38.refseq.exons.tsv.gz
chr8	144425036	144425037	2	+	VPS28	crispieRLib_TTGGACCAGGAGCCGGGAGC	data/hg38.2020-09-22.2bit	data/hg38.refseq.exons.tsv.gz
chr16	67665060	67665061	2	+	ENKD1	crispieRLib_AGCGCCACAGAGCTTTCAG	data/hg38.2020-09-22.2bit	data/hg38.refseq.exons.tsv.gz
chr8	22109241	22109242	2	+	NUDT18	crispieRLib_CGAGTCGCAGCTGTGCACGC	data/hg38.2020-09-22.2bit	data/hg38.refseq.exons.tsv.gz
chr17	4675159	4675160	2	-	PELP1	crispieRLib_TTGCGCTTTGGGATCCTGAT	data/hg38.2020-09-22.2bit	data/hg38.refseq.exons.tsv.gz
chrX	18201823	18201824	2	+	BEND2	crispieRLib_CAAACTCACCAAAATAGGG	data/hg38.2020-09-22.2bit	data/hg38.refseq.exons.tsv.gz
chr3	38020298	38020299	2	-	PLCD1	crispieRLib_GAAGGGCAGCCAGCTCCTGA	data/hg38.2020-09-22.2bit	data/hg38.refseq.exons.tsv.gz
chr12	120108418	120108419	2	-	RAB35	crispieRLib_TTTGCAGACAACACTTTCTC	data/hg38.2020-09-22.2bit	data/hg38.refseq.exons.tsv.gz
chr1	77411025	77411026	2	+	AK5	crispieRLib_GGTGTTCTATGACATCAGCA	data/hg38.2020-09-22.2bit	data/hg38.refseq.exons.tsv.gz
chr4	5017145	5017146	2	-	CYTL1	crispieRLib_ATACCTGCCCAGGCTGTACC	data/hg38.2020-09-22.2bit	data/hg38.refseq.exons.tsv.gz
chr11	120298387	120298388	2	+	POU2F3	crispieRLib_GCTAAATGCCAGCCCATGTC	data/hg38.2020-09-22.2bit	data/hg38.refseq.exons.tsv.gz
chr12	6850517	6850518	2	+	CDCA3	crispieRLib_ATACCAAGAGTAGGAGAGCG	data/hg38.2020-09-22.2bit	data/hg38.refseq.exons.tsv.gz
chr9	128716893	128716894	2	-	PKN3	crispieRLib_GCTCGGGGAAGACATCCTCG	data/hg38.2020-09-22.2bit	data/hg38.refseq.exons.tsv.gz
chr3	48419592	48419593	2	-	PLXNB1	crispieRLib_GACTACCAGTATGACACCCC	data/hg38.2020-09-22.2bit	data/hg38.refseq.exons.tsv.gz
chr8	23043158	23043159	2	+	TNFRSF10B	crispieRLib_GGTGGACACAATCCCTCTGA	data/hg38.2020-09-22.2bit	data/hg38.refseq.exons.tsv.gz
chr7	33966531	33966532	2	-	BMPER	crispieRLib_CGTAGAACACAAGGCTCAGC	data/hg38.2020-09-22.2bit	data/hg38.refseq.exons.tsv.gz
chrX	102218051	102218052	2	+	TCP11X1	crispieRLib_AGTAAACCAAGATTTCTATG	data/hg38.2020-09-22.2bit	data/hg38.refseq.exons.tsv.gz
chrX	102469060	102469061	2	-	TCP11X2	crispieRLib_AGTAAACCAAGATTTCTATG	data/hg38.2020-09-22.2bit	data/hg38.refseq.exons.tsv.gz
chr8	42375772	42375773	2	+	DKK4	crispieRLib_AGAACGGCTTCTCATCGCG	data/hg38.2020-09-22.2bit	data/hg38.refseq.exons.tsv.gz
